c01011;;0;М-фото Календарь "квартальный" (серебро);М-фото Календарь "квартальный" (серебро);;CALEND_S;1;False;Календарь серебро;;0;False;Z;|Квартальный календарь серебро|
c01012;;1;Сувенирная Печать 30*40 см;;;S30x40;1;False;SPrint;;0;False;Z;
c01013;;0;М-фото Календарь "квартальный" (золото);М-фото Календарь "квартальный" (золото);;CALEND_G;1;False;Календарь зол;;0;False;Z;|Квартальный каледарь золото|
c01014;;0;М-фото Календарь А3 верт;М-фото Календарь А3 верт;;CAL_A3P;1;False;Календарь А3 верт;;0;False;Z;|Календарь А3 портретный|
c01015;;0;М-фото Календарь А4 верт;М-фото Календарь А4 верт;;CAL_A4P;1;False;Календарь А4 верт;;0;False;Z;|Календарь А4 портретный|
c01016;;0;М-фото Календарь А3 гор;М-фото Календарь А3 гор;;CAL_A3L;1;False;Календарь А3 гор;;0;False;Z;|Календарь А3 альбомный|
c01017;;0;М-фото Календарь А4 гор;М-фото Календарь А4 гор;;CAL_A4L;1;False;Календарь А4 гор;;0;False;Z;|Календарь А4 альбомный|
c00807;;0;Интернет Значок мал. ЛЕГКО;Интернет Значок маленький ЛЕГКО d38;;InPLQs;1;False;InPLQs;;0;False;Z;
c00808;;0;Сувенирная МиниБук изготовление;Сувенирная МиниБук изготовление;;MiniBook;1;False;Минибук изготовление;;0;False;Z;
c00809;;0;Сувенирная МиниБук дизайн;Сувенирная МиниБук дизайн;;MiniBookDiz;2;False;Минибук дизайн;;0;True;Z;
c00810;;0;Цифровая ШФП 40х60 металлик;Цифровая ШФП 40х60 металлик;;40-60SHM;1;False;ШФП40х60 мет;;0;False;ZH;|Фотопечать 40x60|Металлик|
c00811;;0;Сувенирная Футболка ЛЕГКО жен 1-стор;Сувенирная Футболка ЛЕГКО жен 1-стор;;TshW1;1;False;TshW1;;0;False;Z;
c00812;;0;Сувенирная Футболка ЛЕГКО жен 2-стор;Сувенирная Футболка ЛЕГКО жен 2-стор;;TshW2;1;False;TshW2;;0;False;Z;
c00813;;0;Сувенирная Футболка ЛЕГКО муж 2-стор;Сувенирная Футболка ЛЕГКО муж 2-стор;;TshM2;1;False;TshM2;;0;False;Z;
c00814;;0;Сувенирная Футболка ЛЕГКО муж 1-стор;Сувенирная Футболка ЛЕГКО муж 1-стор;;TshM1;1;False;TshM1;;0;False;Z;
c00815;;0;Интернет Футболка ЛЕГКО жен 1-стор;Интернет Футболка ЛЕГКО жен 1-стор;;ITshW1;1;False;ITshW1;;0;False;Z;
c00816;;0;Интернет Футболка ЛЕГКО жен 2-стор;Интернет Футболка ЛЕГКО жен 2-стор;;ITshW2;1;False;ITshW2;;0;False;Z;
c00817;;0;Интернет Футболка ЛЕГКО муж 1-стор;Интернет Футболка ЛЕГКО муж 1-стор;;ITshM1;1;False;ITshM1;;0;False;Z;
c00818;;0;Интернет Футболка ЛЕГКО муж 2-стор;Интернет Футболка ЛЕГКО муж 2-стор;;ITshM2;1;False;ITshM2;;0;False;Z;
c00819;;0;Сверление отверстий;Сверление отверстий;;DRILL;1;False;сверление;;0;True;Z;
c00820;;0;Услуги Багет;;;;0;False;;;0;False;;
c00821;;0;Фотокнига (металл, шелк) 35*35;Фотокнига (металл, шелк) 35*35;;BOOKN35;1;False;Фотокнига(мета 35*35;;0;False;Z;
c00822;;0;Фотокнига 35*35;Фотокнига 35*35;;BOOK35*;1;False;Фотокнига 35*35;;0;False;Z;
c00823;;0;ФОТОКНИГА: Обложка ламинат;ФОТОКНИГА: Обложка ламинат;;BOOKlam;1;False;ФОТОКНИГА: Обло;;0;False;Z;
c00824;;0;ФОТОКНИГА: ламинир.Фото;ФОТОКНИГА: ламинир.Фото;;BOOKLAM;1;False;ФОТОКНИГА: ламин;;0;False;Z;
c00825;;0;ФОТОКНИГА: перенос на холст;ФОТОКНИГА: перенос на холст;;BOOKHOL;1;False;ФОТОКНИГА: холст;;0;False;Z;
c00826;;0;ФОТОКНИГА: тиснение "стандарт";ФОТОКНИГА: тиснение "стандарт";;BOOKSTND;1;False;ФОТОКНИГА: "станд";;0;False;Z;
c00827;;0;ФОТОКНИГА: тиснение "эксклюзив";ФОТОКНИГА: тиснение "эксклюзив";;BOOKPERS;1;False;ФОТОКНИГА: "экскл";;0;False;Z;
c00828;;0;ФОТОКНИГА: декоративные уголки;ФОТОКНИГА: декоративные уголки;;BOOKCORN;1;False;ФОТОКНИГА: уголки;;0;False;Z;
c00829;;0;ФОТОКНИГА _короб из нат кожи_;ФОТОКНИГА _короб из нат кожи_;;BOOKboxL;1;False;ФОТОКНИГА: короб;;0;False;Z;
c00830;;0;ФОТОКНИГА _короб из иск кожи_;ФОТОКНИГА _короб из иск кожи_;;BOOKboxA;1;False;ФОТОКНИГА: короб2;;0;False;Z;
c00831;;0;ФОТОКНИГА: форзацы бархат;ФОТОКНИГА: форзацы бархат;;BOOKlist;1;False;ФОТОКНИГА: форзацы;;0;False;Z;
c00832;;0;Услуги ЦОП - ГУТ;;;;0;False;;;0;False;;
c00842;;0;ЦОП Тарелка белая;ЦОП Тарелка белая;;cpPLTW;1;False;ЦОП Тарелка белая;;0;False;Z;
c00843;;0;ЦОП Тарелка цветная;ЦОП Тарелка цветная;;cpPLTС;1;False;ЦОП Тарелка цветная;;0;False;Z;
c00881;;0;ЦОП Подушка "Думка" квадрат;ЦОП Подушка "Думка" квадрат;;cpPilSkr;1;False;ЦОП Подушка квадрат;;0;False;Z;
c00882;;0;ЦОП Подушка "Думка" прямоугольник;ЦОП Подушка "Думка" прямоугольник;;cpPilRec;1;False;ЦОП Подушка прямоуго;;0;False;Z;
c00883;;0;ЦОП Подушка "Думка" треугольник;ЦОП Подушка "Думка" треугольник;;cpPilTri;1;False;ЦОП Подушка треуголь;;0;False;Z;
c00884;;0;ЦОП Подушка "Думка" белая;ЦОП Подушка "Думка" белая;;cpPilWhit;1;False;ЦОП Подушка белая;;0;False;Z;
c00885;;0;ЦОП Подушка "Думка" двухцветная;ЦОП Подушка "Думка" двухцветная;;cpPilDubC;1;False;ЦОП Подушка двухцвет;;0;False;Z;
c00886;;0;ЦОП Подушка "Думка" c рюшью;ЦОП Подушка "Думка" c рюшью;;cpPilRush;1;False;ЦОП Подушка c рюшью;;0;False;Z;
c00142;;0;Аналог 20х36;;;A20-36;1;False;а 20х36;00002;0;False;;
c00350;;0;Цифровая 13х30;;;13-30;1;False;Ц13х30;;0;False;;
c00353;;0;Цифровая 13х38;;;13-38;1;False;Ц13х38;;0;False;;
c00354;;0;Цифровая 15х38;;;15-38;1;False;Ц15х38;;0;False;;
c00355;;0;Цифровая 15х30;;;15-30;1;False;Ц15х30;;0;False;;
c00356;;0;Художественное фото 30*40 след. экз;;;H30-40+;2;False;ХФ3040+;;0;False;;
c00367;;0;Аналог 10х15 по куп. 25 шт.;;;A10-15К;1;False;а 10х15 25шт;;0;False;;
c00896;;0;Цифровая 25х42;;;25-42;1;False;Ц25х42;;0;True;ZH;
c00897;;0;Панорамы Новосибирска;;;;0;False;;;0;False;;
c00898;;0;Н1_30х187_печать_Панорама Новосибирска;Н1_30х187_печать_Панорама Новосибирска;;;1;False;Н1_30х187_печать;;0;False;Z;
c00899;;0;Н1_45х281_печать_Панорама Новосибирска;Н1_45х281_печать_Панорама Новосибирска;;;1;False;Н1_45х281_печать;;0;False;Z;
c00900;;0;Н1_60х298_печать_Панорама Новосибирска;Н1_60х298_печать_Панорама Новосибирска;;;1;False;Н1_60х298_печать;;0;False;Z;
c00901;;0;Н1_30х187_ПОСТЕР_Панорама Новосибирска;Н1_30х187_ПОСТЕР_Панорама Новосибирска;;;1;False;Н1_30х187_ПОСТЕР;;0;False;Z;
c00902;;0;Н1_45х281_ПОСТЕР_Панорама Новосибирска;Н1_45х281_ПОСТЕР_Панорама Новосибирска;;;1;False;Н1_45х281_ПОСТЕР;;0;False;Z;
c00903;;0;Н1_60х298_ПОСТЕР_Панорама Новосибирска;Н1_60х298_ПОСТЕР_Панорама Новосибирска;;;1;False;Н1_60х298_ПОСТЕР;;0;False;Z;
c00904;;0;Н2_30х68_печать_Панорама Новосибирска;Н2_30х68_печать_Панорама Новосибирска;;;1;False;Н2_30х68_печать;;0;False;Z;
c00905;;0;Н2_45х102_печать_Панорама Новосибирска;Н2_45х102_печать_Панорама Новосибирска;;;1;False;Н2_45х102_печать;;0;False;Z;
c00906;;0;Н2_60х137_печать_Панорама Новосибирска;Н2_60х137_печать_Панорама Новосибирска;;;1;False;Н2_60х137_печать;;0;False;Z;
c00907;;0;Н2_30х68_ПОСТЕР_Панорама Новосибирска;Н2_30х68_ПОСТЕР_Панорама Новосибирска;;;1;False;Н2_30х68_ПОСТЕР;;0;False;Z;
c00964;;0;Н2_45х102_ПОСТЕР_Панорама Новосибирска;Н2_45х102_ПОСТЕР_Панорама Новосибирска;;;1;False;Н2_45х102_ПОСТЕР;;0;False;Z;
c00909;;0;Н2_60х137_ПОСТЕР_Панорама Новосибирска;Н2_60х137_ПОСТЕР_Панорама Новосибирска;;;1;False;Н2_60х137_ПОСТЕР;;0;False;Z;
c00910;;0;Н3_30х75_печать_Панорама Новосибирска;Н3_30х75_печать_Панорама Новосибирска;;;1;False;Н3_30х75_печать;;0;False;Z;
c00911;;0;Н3_45х113_печать_Панорама Новосибирска;Н3_45х113_печать_Панорама Новосибирска;;;1;False;Н3_45х113_печать;;0;False;Z;
c00912;;0;Н3_60х150_печать_Панорама Новосибирска;Н3_60х150_печать_Панорама Новосибирска;;;1;False;Н3_60х150_печать;;0;False;Z;
c00913;;0;Н3_30х75_ПОСТЕР_Панорама Новосибирска;Н3_30х75_ПОСТЕР_Панорама Новосибирска;;;1;False;Н3_30х75_ПОСТЕР;;0;False;Z;
c00914;;0;Н3_45х113_ПОСТЕР_Панорама Новосибирска;Н3_45х113_ПОСТЕР_Панорама Новосибирска;;;1;False;Н3_45х113_ПОСТЕР;;0;False;Z;
c00915;;0;Н3_60х150_ПОСТЕР_Панорама Новосибирска;Н3_60х150_ПОСТЕР_Панорама Новосибирска;;;1;False;Н3_60х150_ПОСТЕР;;0;False;Z;
c00916;;0;Н4_30х107_ПОСТЕР_Панорама Новосибирска;Н4_30х107_ПОСТЕР_Панорама Новосибирска;;;1;False;Н4_30х107_ПОСТЕР;;0;False;Z;
c00917;;0;Н4_30х107_печать_Панорама Новосибирска;Н4_30х107_печать_Панорама Новосибирска;;;1;False;Н4_30х107_печать;;0;False;Z;
c00918;;0;Н5_30х87_печать_Панорама Новосибирска;Н5_30х87_печать_Панорама Новосибирска;;;1;False;Н5_30х87_печать;;0;False;Z;
c00919;;0;Н5_45х131_печать_Панорама Новосибирска;Н5_45х131_печать_Панорама Новосибирска;;;1;False;Н5_45х131_печать;;0;False;Z;
c00920;;0;Н5_60х175_печать_Панорама Новосибирска;Н5_60х175_печать_Панорама Новосибирска;;;1;False;Н5_60х175_печать;;0;False;Z;
c00921;;0;Н5_30х87_ПОСТЕР_Панорама Новосибирска;Н5_30х87_ПОСТЕР_Панорама Новосибирска;;;1;False;Н5_30х87_ПОСТЕР;;0;False;Z;
c00922;;0;Н5_45х131_ПОСТЕР_Панорама Новосибирска;Н5_45х131_ПОСТЕР_Панорама Новосибирска;;;1;False;Н5_45х131_ПОСТЕР;;0;False;Z;
c00923;;0;Н5_60х175_ПОСТЕР_Панорама Новосибирска;Н5_60х175_ПОСТЕР_Панорама Новосибирска;;;1;False;Н5_60х175_ПОСТЕР;;0;False;Z;
c00924;;0;Н6_30х60_печать_Панорама Новосибирска;Н6_30х60_печать_Панорама Новосибирска;;;1;False;Н6_30х60_печать;;0;False;Z;
c00925;;0;Н6_45х90_печать_Панорама Новосибирска;Н6_45х90_печать_Панорама Новосибирска;;;1;False;Н6_45х90_печать;;0;False;Z;
c00926;;0;Н6_60х120_печать_Панорама Новосибирска;Н6_60х120_печать_Панорама Новосибирска;;;1;False;Н6_60х120_печать;;0;False;Z;
c00927;;0;Н6_30х60_ПОСТЕР_Панорама Новосибирска;Н6_30х60_ПОСТЕР_Панорама Новосибирска;;;1;False;Н6_30х60_ПОСТЕР;;0;False;Z;
c00928;;0;Н6_45х90_ПОСТЕР_Панорама Новосибирска;Н6_45х90_ПОСТЕР_Панорама Новосибирска;;;1;False;Н6_45х90_ПОСТЕР;;0;False;Z;
c00929;;0;Н6_60х120_ПОСТЕР_Панорама Новосибирска;Н6_60х120_ПОСТЕР_Панорама Новосибирска;;;1;False;Н6_60х120_ПОСТЕР;;0;False;Z;
c00930;;0;Н7_30х154_печать_Панорама Новосибирска;Н7_30х154_печать_Панорама Новосибирска;;;1;False;Н7_30х154_печать;;0;False;Z;
c00931;;0;Н7_45х271_печать_Панорама Новосибирска;Н7_45х271_печать_Панорама Новосибирска;;;1;False;Н7_45х271_печать;;0;False;Z;
c00932;;0;Н7_60х298_печать_Панорама Новосибирска;Н7_60х298_печать_Панорама Новосибирска;;;1;False;Н7_60х298_печать;;0;False;Z;
c00933;;0;Н7_30х154_ПОСТЕР_Панорама Новосибирска;Н7_30х154_ПОСТЕР_Панорама Новосибирска;;;1;False;Н7_30х154_ПОСТЕР;;0;False;Z;
c00934;;0;Н7_45х271_ПОСТЕР_Панорама Новосибирска;Н7_45х271_ПОСТЕР_Панорама Новосибирска;;;1;False;Н7_45х271_ПОСТЕР;;0;False;Z;
c00935;;0;Н7_60х298_ПОСТЕР_Панорама Новосибирска;Н7_60х298_ПОСТЕР_Панорама Новосибирска;;;1;False;Н7_60х298_ПОСТЕР;;0;False;Z;
c00936;;0;Н8_30х117_печать_Панорама Новосибирска;Н8_30х117_печать_Панорама Новосибирска;;;1;False;Н8_30х117_печать;;0;False;Z;
c00937;;0;Н8_45х175_печать_Панорама Новосибирска;Н8_45х175_печать_Панорама Новосибирска;;;1;False;Н8_45х175_печать;;0;False;Z;
c00938;;0;Н8_60х234_печать_Панорама Новосибирска;Н8_60х234_печать_Панорама Новосибирска;;;1;False;Н8_60х234_печать;;0;False;Z;
c00939;;0;Н8_30х117_ПОСТЕР_Панорама Новосибирска;Н8_30х117_ПОСТЕР_Панорама Новосибирска;;;1;False;Н8_30х117_ПОСТЕР;;0;False;Z;
c00940;;0;Н8_45х175_ПОСТЕР_Панорама Новосибирска;Н8_45х175_ПОСТЕР_Панорама Новосибирска;;;1;False;Н8_45х175_ПОСТЕР;;0;False;Z;
c00941;;0;Н8_60х234_ПОСТЕР_Панорама Новосибирска;Н8_60х234_ПОСТЕР_Панорама Новосибирска;;;1;False;Н8_60х234_ПОСТЕР;;0;False;Z;
c00942;;0;Н9_30х80_печать_Панорама Новосибирска;Н9_30х80_печать_Панорама Новосибирска;;;1;False;Н9_30х80_печать_Пано;;0;False;Z;
c00943;;0;Н9_45х121_печать_Панорама Новосибирска;Н9_45х121_печать_Панорама Новосибирска;;;1;False;Н9_45х121_печать_Пан;;0;False;Z;
c00944;;0;Н9_60х161_печать_Панорама Новосибирска;Н9_60х161_печать_Панорама Новосибирска;;;1;False;Н9_60х161_печать_Пан;;0;False;Z;
c00945;;0;Н9_30х80_ПОСТЕР_Панорама Новосибирска;Н9_30х80_ПОСТЕР_Панорама Новосибирска;;;1;False;Н9_30х80_ПОСТЕР_Пано;;0;False;Z;
c00946;;0;Н9_45х121_ПОСТЕР_Панорама Новосибирска;Н9_45х121_ПОСТЕР_Панорама Новосибирска;;;1;False;Н9_45х121_ПОСТЕР_Пан;;0;False;Z;
c00947;;0;Н9_60х161_ПОСТЕР_Панорама Новосибирска;Н9_60х161_ПОСТЕР_Панорама Новосибирска;;;1;False;Н9_60х161_ПОСТЕР_Пан;;0;False;Z;
c00948;;0;Н10_30х57_печать_Панорама Новосибирска;Н10_30х57_печать_Панорама Новосибирска;;;1;False;Н10_30х57_печать;;0;False;Z;
c00949;;0;Н10_45х86_печать_Панорама Новосибирска;Н10_45х86_печать_Панорама Новосибирска;;;1;False;Н10_45х86_печать_Пан;;0;False;Z;
c00950;;0;Н10_60х115_печать_Панорама Новосибирска;Н10_60х115_печать_Панорама Новосибирска;;;1;False;Н10_60х115_печать_Па;;0;False;Z;
c00951;;0;Н10_30х57_ПОСТЕР_Панорама Новосибирска;Н10_30х57_ПОСТЕР_Панорама Новосибирска;;;1;False;Н10_30х57_ПОСТЕР;;0;False;Z;
c00952;;0;Н10_45х86_ПОСТЕР_Панорама Новосибирска;Н10_45х86_ПОСТЕР_Панорама Новосибирска;;;1;False;Н10_45х86_ПОСТЕР;;0;False;Z;
c00953;;0;Н10_60х115_ПОСТЕР_Панорама Новосибирска;Н10_60х115_ПОСТЕР_Панорама Новосибирска;;;1;False;Н10_60х115_ПОСТЕР;;0;False;Z;
c00954;;0;Н11_30х58_печать_Панорама Новосибирска;Н11_30х58_печать_Панорама Новосибирска;;;1;False;Н11_30х58_печать;;0;False;Z;
c00955;;0;Н11_45х87_печать_Панорама Новосибирска;Н11_45х87_печать_Панорама Новосибирска;;;1;False;Н11_45х87_печать;;0;False;Z;
c00956;;0;Н12_30х104_печать_Панорама Новосибирска;Н12_30х104_печать_Панорама Новосибирска;;;1;False;Н12_30х104_печать;;0;False;Z;
c00957;;0;Н12_45х156_печать_Панорама Новосибирска;Н12_45х156_печать_Панорама Новосибирска;;;1;False;Н12_45х156_печать;;0;False;Z;
c00958;;0;Н12_60х208_печать_Панорама Новосибирска;Н12_60х208_печать_Панорама Новосибирска;;;1;False;Н12_60х208_печать;;0;False;Z;
c00959;;0;Н11_30х58_ПОСТЕР_Панорама Новосибирска;Н11_30х58_ПОСТЕР_Панорама Новосибирска;;;1;False;Н11_30х58_ПОСТЕР;;0;False;Z;
c00960;;0;Н11_45х87_ПОСТЕР_Панорама Новосибирска;Н11_45х87_ПОСТЕР_Панорама Новосибирска;;;1;False;Н11_45х87_ПОСТЕР;;0;False;Z;
c00961;;0;Н12_30х104_ПОСТЕР_Панорама Новосибирска;Н12_30х104_ПОСТЕР_Панорама Новосибирска;;;1;False;Н12_30х104_ПОСТЕР;;0;False;Z;
c00962;;0;Н12_45х156_ПОСТЕР_Панорама Новосибирска;Н12_45х156_ПОСТЕР_Панорама Новосибирска;;;1;False;Н12_45х156_ПОСТЕР;;0;False;Z;
c00963;;0;Н12_60х208_ПОСТЕР_Панорама Новосибирска;Н12_60х208_ПОСТЕР_Панорама Новосибирска;;;1;False;Н12_60х208_ПОСТЕР;;0;False;Z;
c00965;;0;Доставка_ПОСТЕРА_Панорама Новосибирска;Доставка_ПОСТЕРА_Панорама Новосибирска;;;1;False;Доставка_ПОСТЕРА;;0;False;Z;
c00978;;0;Перенос на холст 30х45_печать;Перенос на холст 30х45_печать;;30-45H;1;False;Холст30х45;;0;False;Z;
c00979;;0;Перенос на холст 30х45_печать МЕТ;Металлик Цифровая 30х45;;30-45MH;1;False;Холст30х45М;;0;False;Z;
c00980;;0;Перенос на холст 40х60_печать;Перенос на холст 40х60_печать;;40-60SHH;1;False;Холст40х60;;0;False;Z;
c00981;;0;Перенос на холст 40х60_печать МЕТ;Перенос на холст 40х60_печать МЕТ;;40-60SHMH;1;False;Холст40х60 мет;;0;False;Z;
c00982;;0;Перенос на холст 60х80_печать;Перенос на холст 60х80_печать;;60-80SHH;1;False;Холст60х80;;0;False;Z;
c00983;;0;Перенос на холст 60х80_печать МЕТ;Перенос на холст 60х80_печать МЕТ;;60-80SHMH;1;False;Холст60х80 мет;;0;False;Z;
c00984;;0;Перенос на холст 80х120_печать;Перенос на холст 80х120_печать;;80-120SHH;1;False;Холст80х120;;0;False;Z;
c00985;;0;Перенос на холст 80х120_печать МЕТ;Перенос на холст 80х120_печать МЕТ;;80-120SHMH;1;False;Холст80х120 мет;;0;False;Z;
c00986;;0;Перенос на холст 20х30_ИЗГОТОВЛЕНИЕ;Перенос на холст 20х30_ИЗГОТОВЛЕНИЕ;;H2030;1;False;Холст20х30ИЗГ;;0;False;Z;
c00987;;0;Перенос на холст 30х40_ИЗГОТОВЛЕНИЕ;Перенос на холст 30х40_ИЗГОТОВЛЕНИЕ;;H3040;1;False;Холст30х40ИЗГ;;0;False;Z;
c00988;;0;Перенос на холст 30х45_ИЗГОТОВЛЕНИЕ;Перенос на холст 30х45_ИЗГОТОВЛЕНИЕ;;H3045;1;False;Холст30х45ИЗГ;;0;False;Z;
c00989;;0;Перенос на холст 40х60_ИЗГОТОВЛЕНИЕ;Перенос на холст 40х60_ИЗГОТОВЛЕНИЕ;;H4060;1;False;Холст40х60ИЗГ;;0;False;Z;
c00990;;0;Перенос на холст 60х80_ИЗГОТОВЛЕНИЕ;Перенос на холст 60х80_ИЗГОТОВЛЕНИЕ;;H6080;1;False;Холст60х80ИЗГ;;0;False;Z;
c00991;;0;Перенос на холст 80х120_ИЗГОТОВЛЕНИЕ;Перенос на холст 80х120_ИЗГОТОВЛЕНИЕ;;H80120;1;False;Холст80х120ИЗГ;;0;False;Z;
c00992;;0;Интернет Puzzle 30*40 см;Интернет Puzzle 30*40 см;;Puzzl30;1;False;Puzzle 20*30;00001;0;False;;|Паззл Паззл A3|
c00993;;0;Интернет Футболка белая х/б 1-стор;Интернет Футболка белая х/б 1-стор;;SFI;1;False;SF;;0;False;;|Футболка mw1|
c00994;;0;Интернет Футболка белая х/б женская 1-стор;Интернет Футболка белая х/б женская 1-стор;;SFWI;1;False;SFW;;0;False;;|Футболка ww1|
c00995;;0;Интернет Футболка черная х/б 1-стор;Интернет Футболка черная х/б 1-стор;;SFBI;1;False;SFB;;0;False;;|Футболка mb1|
c00996;;0;Интернет Футболка черная х/б женская 1-стор;Интернет Футболка черная х/б женская 1-стор;;SFWI;1;False;;;0;False;;|Футболка wb1|
c00997;;0;Интернет Футболка белая х/б 2-стор;Интернет Футболка белая х/б 2-стор;;SFI2;1;False;;;0;False;;|Футболка mw2|
c00998;;0;Интернет Футболка белая х/б женская 2-стор;Интернет Футболка белая х/б женская 2-стор;;SFWI2;1;False;;;0;False;;|Футболка ww2|
c00999;;0;Интернет Футболка черная х/б 2-стор;Интернет Футболка черная х/б 2-стор;;SFBI2;1;False;;;0;False;;|Футболка mb2|
c00556;;0;Indigo Фотокнига в мягкой обложке 19х27 см, 40 стр., код 513;Indigo Фотокнига в мягкой обложке 19х27 см, 40 стр., код 513;;;1;False;Indigo Фотокнига;;0;False;;
c00557;;0;Indigo Фотокнига в мягкой обложке 19х19 см, 40 стр., код 512;Indigo Фотокнига в мягкой обложке 19х19 см, 40 стр., код 512;;;1;False;Indigo Фотокнига;;0;False;;
c00558;;0;Indigo Фотокнига в мягкой обложке 21х15 см, 40 стр., код 511;Indigo Фотокнига в мягкой обложке 21х15 см, 40 стр., код 511;;;1;False;Indigo Фотокнига;;0;False;;
c00559;;0;Indigo "Эконом" в мягкой обложке 21х15 см, 15 стр., код 432;Indigo "Эконом" в мягкой обложке 21х15 см, 15 стр., код 432;;;1;False;Indigo Эконом;;0;False;;
c00560;;0;Indigo Фотоброшюра 21х30 на скрепках, 20 стр., код 503;Indigo Фотоброшюра 21х30 на скрепках, 20 стр., код 503;;;1;False;Indigo Фотоброшюра;;0;False;;
c00726;;0;Аналогова 10х15 акция KODAK бесплатная печать 10 штук;;;10-15асtion;1;False;А10х15 акция;;0;False;Z;
c00729;;0;Печать на фототерминале 20х30;Печать на фототерминале 20х30;;TERM203;1;False;Печать на фототермин;;0;False;Z;|Моментальная печать 20x30|
c00727;;1;xМоментальная печать 15*20;Моментальная печать 15*20;;MOMENT1;2;False;Моментальная печать;;0;False;Z;
c00728;;1;zМоментальная печать 20*30;Моментальная печать 20*30;;MOMENT1;2;False;Моментальная печать;;0;False;Z;
c00730;;0;Открытка 20х30 (Терминал);Открытка 20х30 (Терминал);;OTKR20x30;2;False;Открытка 20х30 Терм;;0;False;Z;|Открытки 20x30|
c00731;;0;Открытка 10х15 (Терминал);Открытка 10х15 (Терминал);;OTKR10x15;2;False;Открытка 10х15 Терм;;0;False;Z;|Моментальная открытка 10x15|
c00733;;0;Сувенирная Календарь настенный А3 (29,7х42);Сувенирная Календарь настенный А3;;CAL А3;1;False;Сувенир Календарь А3;;0;False;Z;|Календари 30x45|
c00734;;0;Овал "ПАМЯТЬ" 13х18;Овал "ПАМЯТЬ" 13х18;;MEMO13;1;False;ПАМЯТЬ 13х18;;0;False;Z;
c00735;;0;Овал "ПАМЯТЬ" 21x30;Овал "ПАМЯТЬ" 21x30;;MEMO21;1;False;ПАМЯТЬ 21x30;;0;False;Z;
c00736;;0;Клей для овалов;клей для овалов;;GLUE;1;False;клей;;0;False;Z;
c00742;;0;Овал "ПАМЯТЬ" печать фото 13x18;Овал "ПАМЯТЬ" печать фото Металлик 20х30;;MEM20-30M;1;False;Mem20х30;;0;True;Z;
c00743;;0;Овал "ПАМЯТЬ" печать фото 21x30;Овал "ПАМЯТЬ" печать фото Металлик 30x40;;MEM30-40M;1;False;Mem30x40;;0;True;Z;
c00744;;0;Сувенирная Календарь карманный (16 штук);Сувенирная Календарь карманный (16 штук);;CALPOC;1;False;Календарь карманный;;0;False;Z;|Печать Календарей Календарик|
c00745;;0;Сувенирная Календарь настенный А4 (21х29,7);Сувенирная Календарь настенный А4;;CAL А4;1;False;Сувенир Календарь А4;;0;False;Z;|Календари 20x30|
c00746;;0;ШФП Календарь перекидной (13 листов);ШФП Календарь перекидной (13 листов) 300х420 мм;;C3x413;1;False;Cal30x42;;0;False;Z;
c00747;;0;ШФП Календарь-постер 30х42;ШФП Календарь-постер 300х425мм;;C3x4;1;False;Cal30x42al;;0;False;Z;|Печать Календарей Настенный Календарь A3|
c00748;;0;ШФП Календарь-постер 37х42;ШФП Календарь-постер 370х425 мм;;C37x4;1;False;Cal37x42al;;0;False;Z;
c00749;;0;ШФП Календарь-постер 44х50;ШФП Календарь-постер 440х505 мм;;C4x5;1;False;Cal44x50al;;0;False;Z;
c00750;;0;Сувенирная Календарь карманный  вертик (8 штук);Сувенирная Календарь карманный вертик (8 штук);;CALPOC8;1;False;Календарь карм в8 шт;;0;False;Z;|Каледарь карманный вертикальный|
c00751;;0;Цифровая 30х30;Цифровая 30х30;;30-30;1;False;Ц30х30;;0;True;ZH;
c00752;;0;Открытка 15х20 (Терминал);Открытка 15х20 (Терминал);;OTKR15x20;2;False;Открытка 15х20 Терм;;0;False;Z;|Моментальная открытка 15x20|
c00753;;0;Открытка 10х15;Открытка 10х15;;OTKR10x15;2;False;Открытка 10х15;;0;False;Z;|Открытки 10x15|
c00754;;0;Фотоигрушка (тигр);Фотоигрушка (тигр);;TOY3;1;False;Фотоигрушка тигр);;0;False;Z;
c00755;;0;Сувенирная Календарь перекидной А3 (29,7х42) на пружине;Сувенирная Календарь перекидной А3 (29,7х42) на пружине;;CAL А3 p;1;False;Календарь А3 перекид;;0;False;Z;
c00756;;0;Сувенирная Кружка ЛЕГКО белая;Сувенирная Кружка ЛЕГКО белая;;SKRLW;1;False;SKRLWite;;0;False;Z;
c00757;;0;Сувенирная Кружка ЛЕГКО цветная;Сувенирная Кружка ЛЕГКО цветная;;SKRLC;1;False;SKRLColor;;0;False;Z;
c00758;;0;Сувенирная Открытка 15х15 ЦОП;Сувенирная Открытка 15х15 ЦОП;;GCard1515;1;False;открытка;;0;False;Z;
c00759;;0;Сувенирная Кружка ЛЕГКО термо;Сувенирная Кружка ЛЕГКО термо;;SKRLT;1;False;SKRLTerm;;0;False;Z;
c00760;;0;Интернет Кружка ЛЕГКО белая;ИнтернетКружка ЛЕГКО белая;;InKRLW;1;False;InKRLWite;;0;False;Z;
c00761;;0;Интернет Кружка ЛЕГКО термо;Интернет Кружка ЛЕГКО термо;;InKRLT;1;False;InKRLTerm;;0;False;Z;
c00762;;0;Интернет Кружка ЛЕГКО цветная;Интернет Кружка ЛЕГКО цветная;;InKRLC;1;False;InKRLColor;;0;False;Z;
c00763;;0;я Услуги неиспользуемые;;;;0;False;;;0;False;;
c00764;;0;Услуги Сувениры аутсорсинг;;;;0;False;;;0;False;;
c00765;;0;Интернет Паззл ЛЕГКО 18х15;Интернет Паззл ЛЕГКО 18х15;;InPzz1815;1;False;InPzz1815;;0;False;Z;
c00766;;0;Интернет Паззл ЛЕГКО 40x26;Интернет Паззл ЛЕГКО 40x26;;InPzz4026;1;False;InPzz4026;;0;False;Z;
c00767;;0;Сувенирная Нанесение кружка ЛЕГКО;Сувенирная Нанесение кружка ЛЕГКО;;SuvCover;1;False;SuvCover;;0;False;Z;
c00768;;0;ФОТОторт 1кг;ФОТОторт 1кг (круглый);;FotoCake1;1;False;FotoCake1;;0;False;Z;
c00769;;0;ФОТОторт 2кг;ФОТОторт 2кг (круглый);;FotoCake2;1;False;FotoCake2;;0;False;Z;
c00770;;0;ФОТОторт 3кг;ФОТОторт 3кг (круглый);;FotoCake3;1;False;FotoCake3;;0;False;Z;
c00771;;0;ФОТОторт доставка по городу;ФОТОторт доставка по городу;;FotoCakeCit;1;False;FotoCakeCity;;0;False;Z;
c00772;;0;ФОТОторт доставка отд. р-ны;ФОТОторт доставка отд. р-ны;;FotoCakeDow;1;False;FotoCakeDownT;;0;False;Z;
c00773;;0;ФОТОторт доставка пригород, Бердск;ФОТОторт доставка пригород, Бердск;;FotoCakeD;1;False;FotoCakeDow;;0;False;Z;
c00774;;0;ФОТОторт доставка Искитим;ФОТОторт доставка Искитим;;FotoCakeIsk;1;False;FotoCakeIsk;;0;False;Z;
c00775;;0;Цифровая ШФП 30х40;;;30-40SH;1;False;ШФП30х40;;0;False;ZH;|Фотопечать 30x40|
c00776;;0;Цифровая ШФП 30х45;;;30-45SH;1;False;ШФП30х45;;0;False;ZH;|Фотопечать 30x45|
c00777;;0;Цифровая ШФП 30х40 Металлик;;;30-40SHM;1;False;ШФП30х40 мет;;0;False;ZH;|Фотопечать 30x40|Металлик|
c00778;;0;Цифровая ШФП 30х45 Металлик;;;30-45SHM;1;False;ШФП30х45 мет;;0;False;ZH;|Фотопечать 30x45|Металлик|
c00779;;0;Цифровая ШФП Шелк 30х40;;;30-40SHSl;1;False;ШФПШ30х40;;0;False;ZH;|Фотопечать 30x40|
c00780;;0;Цифровая ШФП Шелк 30х45;;;30-45SHSl;1;False;ШФПШ30х45;;0;False;ZH;|Фотопечать 30x45|
c00781;;0;Художественное фото 30*45 печать;Художественное фото 30*45 печать;;30-45Х;1;False;Ц30х45;;0;True;ZH;
c00782;;0;Фотоальбом "Школьный" 1 разворот;Фотоальбом "Школьный" 1 разворот;;AlbSk;1;False;Альбом "Школьный";;0;False;;
c00783;;0;Фотоальбом "Школьный" металлик 1 разворот;Фотоальбом "Школьный" металлик 1 разворот;;AlbSkM;1;False;Альбом "Школьный" ме;;0;False;;
c00784;;0;Фотоальбом "Школьный" шелк 1 разворот;Фотоальбом "Школьный" шелк 1 разворот;;AlbSkS;1;False;Альбом "Школьный" ше;;0;False;;
c00785;;0;Кристалл "Круг" 10 см;Кристалл "Круг" 10 см;;GL Circle;1;False;Кристалл "Круг;;0;False;Z;
c00786;;0;Кристалл "Капля" 80х80 см;Кристалл "Капля" 80х80 см;;GL Drop;1;False;Кристалл "Капля;;0;False;Z;
c00787;;0;Интернет Календарь ЛЕГКО А4 (20х30);Интернет Календарь ЛЕГКО А4 (20х30);;InCldA4;1;False;InCldA4;;0;False;Z;
c00788;;0;Интернет Календарь ЛЕГКО А3 (30х40);Интернет Календарь ЛЕГКО А3 (30х40);;InCldA3;1;False;InCldA3;;0;False;Z;
c00789;;0;Сувенирная Календарь ЛЕГКО А3 (30х40);Сувенирная Календарь ЛЕГКО А3 (30х40);;CldA3;1;False;CldA3;;0;False;Z;
c00790;;0;Сувенирная Календарь ЛЕГКО А4 (20х30);Сувенирная  Календарь ЛЕГКО А4 (20х30);;CldA4;1;False;CldA4;;0;False;Z;
c00791;;0;Сувенирная Паззл ЛЕГКО 18х15;Сувенирная Паззл ЛЕГКО 18х15;;Pzz1815;1;False;Pzz1815;;0;False;Z;
c00792;;0;Сувенирная Паззл ЛЕГКО 40x26;Сувенирная Паззл ЛЕГКО 40x26;;Pzz4026;1;False;Pzz4026;;0;False;Z;
c00793;;0;Интернет Календарь ЛЕГКО "домик";Интернет Календарь ЛЕГКО "домик";;InCldTri;1;False;InCldTri;;0;False;Z;
c00794;;0;Сувенирная Календарь ЛЕГКО "домик";Сувенирная Календарь ЛЕГКО "домик";;CldTri;1;False;CldTri;;0;False;Z;
c00795;;0;Сувенирная Футболка черная х/б женская;;;SFW;1;False;SFW;;0;False;Z;||
c00796;;1;Сувенирная Футболка черная х/б 2-х сторонняя;;;SFB;1;False;SFB;;0;False;Z;|Футболка mb2|
c00561;;0;Indigo Фотоброшюра 21х21 на скрепках, 12 стр., код 502;Indigo Фотоброшюра 21х21 на скрепках, 12 стр., код 502;;;1;False;Indigo Фотоброшюра;;0;False;;
c00562;;0;Indigo Фотоброшюра 21х15 на скрепках, 20 стр., код 501;Indigo Фотоброшюра 21х15 на скрепках, 20 стр., код 501;;;1;False;Indigo Фотоброшюра;;0;False;;
c00563;;0;Услуги ЦОП - полиграфия;;;;0;False;;;0;False;;
c00564;;0;Печать А3 4+0 90г/м;Печать А3 4+0 90г/м;;;0;False;;;0;False;;
c00565;;0;Печать А3 4+1 90г/м;Печать А3 4+1 90г/м;;;0;False;;;0;False;;
c00566;;0;Печать А3 4+4 90г/м;Печать А3 4+4 90г/м;;;0;False;;;0;False;;
c00567;;0;Печать А3 1+0 90г/м;Печать А3 1+0 90г/м;;;0;False;;;0;False;;
c00568;;0;Печать А3 1+1 90г/м;Печать А3 1+1 90г/м;;;0;False;;;0;False;;
c00569;;0;Печать А4 4+0 90г/м;Печать А4 4+0 90г/м;;;0;False;;;0;False;;
c00570;;0;Печать А4 4+1 90г/м;Печать А4 4+1 90г/м;;;0;False;;;0;False;;
c00571;;0;Печать А4 4+4 90г/м;Печать А4 4+4 90г/м;;;0;False;;;0;False;;
c00572;;0;Печать А4 1+0 90г/м;Печать А4 1+0 90г/м;;;0;False;;;0;False;;
c00573;;0;Печать А4 1+1 90г/м;Печать А4 1+1 90г/м;;;0;False;;;0;False;;
c00574;;0;Бумага Xerox Colotech А3 120г/м;Бумага Xerox Colotech А3 120г/м;;;0;False;;;0;False;;
c00575;;0;Бумага Xerox Colotech А3 160г/м;Бумага Xerox Colotech А3 160г/м;;;0;False;;;0;False;;
c00576;;0;Бумага Xerox Colotech А3 200г/м;Бумага Xerox Colotech А3 200г/м;;;0;False;;;0;False;;
c00577;;0;Бумага Xerox Colotech А3 250г/м;Бумага Xerox Colotech А3 250г/м;;;0;False;;;0;False;;
c00578;;0;Бумага Xerox Colotech А3 280г/м;Бумага Xerox Colotech А3 280г/м;;;0;False;;;0;False;;
c00579;;0;Бумага Xerox Colotech Gloss А3 140г/м;Бумага Xerox Colotech Gloss А3 140г/м;;;0;False;;;0;False;;
c00580;;0;Бумага Xerox Colotech Gloss А3 280г/м;Бумага Xerox Colotech Gloss А3 280г/м;;;0;False;;;0;False;;
c00581;;0;я Самоклеящаяся бумага А3;Самоклеящаяся бумага А3;;;0;False;;;0;False;;
c00582;;0;я Самоклеящаяся бумага А4;Самоклеящаяся бумага А4;;;0;False;;;0;False;;
c00583;;0;Текстурная бумага А3 лён;Текстурная бумага А3 лён;;;0;False;;;0;False;;
c00584;;0;Текстурная бумага А4 лён;Текстурная бумага А4 лён;;;0;False;;;0;False;;
c00585;;0;Калька А3;Калька А3;;;0;False;;;0;False;;
c00586;;0;Калька А4;Калька А4;;;0;False;;;0;False;;
c00587;;0;ТТС А3;ТТС А3;;;0;False;;;0;False;;
c00588;;0;СРМ А3;СРМ А3;;;0;False;;;0;False;;
c00589;;0;ОВМ А3;ОВМ А3;;;0;False;;;0;False;;
c00590;;0;Картон Nettuno Nero А3;Картон Nettuno Nero А3;;;0;False;;;0;False;;
c00591;;0;Визитки 4+0;Визитки 4+0;;;0;False;;;0;False;;
c00592;;0;Визитки 4+1;Визитки 4+1;;;0;False;;;0;False;;
c00593;;0;Визитки 4+4;Визитки 4+4;;;0;False;;;0;False;;
c00594;;0;Визитки 1+0;Визитки 1+0;;;0;False;;;0;False;;
c00595;;0;Визитки 1+1;Визитки 1+1;;;0;False;;;0;False;;
c00596;;0;Доплата Лён;Доплата Лён;;;0;False;;;0;False;;
c00597;;0;Доплата Бумага Xerox Colotech Gloss А3 280г/м;Доплата Бумага Xerox Colotech Gloss А3 280г/м;;;0;False;;;0;False;;
c00598;;0;Доплата Ламинирование 32 мкн;Доплата Ламинирование 32 мкн;;;0;False;;;0;False;;
c00599;;0;Доплата Ламинирование 75 мкн;Доплата Ламинирование 75 мкн;;;0;False;;;0;False;;
c00600;;0;Изготовление бэйджей;Изготовление бэйджей;;;0;False;;;0;False;;
c00601;;0;я запись на CD до 300Мб;Запись на CD до 300Мб;;;0;False;;;0;False;;
c00602;;0;я Запись на CD свыше 300Мб;Запись на CD свыше 300Мб;;;0;False;;;0;False;;
c00603;;0;я Диск CD-R;Диск CD-R;;;0;False;;;0;False;;
c00604;;0;Открытка 200*95 дл. 4+0;Открытка 200*95 дл. 4+0;;;0;False;;;0;False;;
c00605;;0;Открытка 200*95 дл. 4+1;Открытка 200*95 дл. 4+1;;;0;False;;;0;False;;
c00606;;0;Открытка 200*95 дл. 4+4;Открытка 200*95 дл. 4+4;;;0;False;;;0;False;;
c00607;;0;Открытка 95*200 кор. 4+0;Открытка 95*200 кор. 4+0;;;0;False;;;0;False;;
c00608;;0;Открытка 95*200 кор. 4+1;Открытка 95*200 кор. 4+1;;;0;False;;;0;False;;
c00609;;0;Открытка 95*200 кор. 4+4;Открытка 95*200 кор. 4+4;;;0;False;;;0;False;;
c00610;;0;Брошюровка 6,9мм А4;Брошюровка 6,9мм А4;;;0;False;;;0;False;;
c00611;;0;Брошюровка 9,5мм А4;Брошюровка 9,5мм А4;;;0;False;;;0;False;;
c00612;;0;Брошюровка 6,9мм А5;Брошюровка 6,9мм А5;;;0;False;;;0;False;;
c00613;;0;Брошюровка 9,5мм А5;Брошюровка 9,5мм А5;;;0;False;;;0;False;;
c00614;;0;Брошюровка 6,9мм А6;Брошюровка 6,9мм А6;;;0;False;;;0;False;;
c00615;;0;Брошюровка 9,5мм А6;Брошюровка 9,5мм А6;;;0;False;;;0;False;;
c00616;;0;Брошюровка 6,9мм А7;Брошюровка 6,9мм А7;;;0;False;;;0;False;;
c00617;;0;Брошюровка 9,5мм А7;Брошюровка 9,5мм А7;;;0;False;;;0;False;;
c00618;;0;Ламинирование 32мкн А3;Ламинирование 32мкн А3;;;0;False;;;0;False;;
c00619;;0;Ламинирование 75мкн А3;Ламинирование 75мкн А3;;;0;False;;;0;False;;
c00620;;0;Ламинирование 125мкн А3;Ламинирование 125мкн А3;;;0;False;;;0;False;;
c00621;;0;Ламинирование 86*54 125мкн;Ламинирование 86*54 125мкн;;;0;False;;;0;False;;
c00622;;0;Ламинирование 86*54 150мкн;Ламинирование 86*54 150мкн;;;0;False;;;0;False;;
c00623;;0;Ламинирование 86*54 75мкн;Ламинирование 86*54 75мкн;;;0;False;;;0;False;;
c00624;;0;Ламинирование 65*95 125мкн;Ламинирование 65*95 125мкн;;;0;False;;;0;False;;
c00625;;0;Ламинирование 85*120 125мкн;Ламинирование 85*120 125мкн;;;0;False;;;0;False;;
c00626;;0;Ламинирование 100*146 125мкн;Ламинирование 100*146 125мкн;;;0;False;;;0;False;;
c00627;;0;Ламинирование 216*303 125мкн;Ламинирование 216*303 125мкн;;;0;False;;;0;False;;
c00628;;0;Календарь карманный 4+4;Календарь карманный 4+4;;;0;False;;;0;False;;
c00629;;0;Календарь карманный 4+1;Календарь карманный 4+1;;;0;False;;;0;False;;
c00630;;0;Календарь карманный 1+1;Календарь карманный 1+1;;;0;False;;;0;False;;
c00631;;0;Календарь "Домик" горизонтальный;Календарь "Домик" горизонтальный;;;0;False;;;0;False;;
c00632;;0;Календарь "Домик" вертикальный;Календарь "Домик" вертикальный;;;0;False;;;0;False;;
c00633;;0;Послепечатные работы;Послепечатные работы;;;0;False;;;0;False;;
c00634;;0;Полиграфические услуги;Полиграфические услуги;;;0;False;;;0;False;;
c00635;;0;Резка;Резка;;;0;False;;;0;False;;
c00636;;0;Биговка;Биговка;;;0;False;;;0;False;;
c00637;;0;Печать на конвертах Евро 1+0;Печать на конвертах Евро 1+0;;;0;False;;;0;False;;
c00638;;0;Печать на конвертах Евро 4+0;Печать на конвертах Евро 4+0;;;0;False;;;0;False;;
c00639;;0;Печать на конвертах А4 1+0;Печать на конвертах А4 1+0;;;0;False;;;0;False;;
c00640;;0;Печать на конвертах А4 4+0;Печать на конвертах А4 4+0;;;0;False;;;0;False;;
c00641;;0;Календарь "Домик" перекидной 6;Календарь "Домик" перекидной 6;;;0;False;;;0;False;;
c00642;;0;Календарь "Домик" перекидной 12;Календарь "Домик" перекидной 12;;;0;False;;;0;False;;
c00643;;0;Календарь "Домик" перекидной;Календарь "Домик" перекидной;;;0;False;;;0;False;;
c00644;;0;я Календарь настенный А4;Календарь настенный А4;;;0;False;;;0;False;;
c00645;;0;я Календарь настенный А3;Календарь настенный А3;;;0;False;;;0;False;;
c00646;;0;я Календарь настенный перекидной А3;Календарь настенный перекидной А3;;;0;False;;;0;False;;
c00647;;0;я Календарь настенный перекидной А4;Календарь настенный перекидной А4;;;0;False;;;0;False;;
c00648;;0;я Календарь настенный отрывной А5;Календарь настенный отрывной А5;;;0;False;;;0;False;;
c00649;;0;я Календарь настенный отрывной А4;Календарь настенный отрывной А4;;;0;False;;;0;False;;
c00650;;0;Календарь квартальный;Календарь квартальный;;;0;False;;;0;False;;
c00651;;0;я Календарь квартальный 4;Календарь квартальный 4;;;0;False;;;0;False;;
c00652;;0;я Календарь квартальный 12;Календарь квартальный 12;;;0;False;;;0;False;;
c00653;;0;я Календарь квартальный В;Календарь квартальный В;;;0;False;;;0;False;;
c00654;;0;Ламинированные карты 4+0;Ламинированные карты 4+0;;;0;False;;;0;False;;
c00655;;0;Ламинированные карты 4+1;Ламинированные карты 4+1;;;0;False;;;0;False;;
c00656;;0;Ламинированные карты 4+4;Ламинированные карты 4+4;;;0;False;;;0;False;;
c00657;;0;Ламинированные карты 1+0;Ламинированные карты 1+0;;;0;False;;;0;False;;
c00658;;0;Ламинированные карты 1+1;Ламинированные карты 1+1;;;0;False;;;0;False;;
c00659;;0;я Сканирование до А4;Сканирование до А4;;;0;False;;;0;False;;
c00660;;0;я Сканирование до А3;Сканирование до А3;;;0;False;;;0;False;;
c00661;;0;я Замена фона;Замена фона;;;0;False;;;0;False;;
c00662;;0;я Дорисовка деталей изображения;Дорисовка деталей изображения;;;0;False;;;0;False;;
c00663;;0;я Вставка текста;Вставка текста;;;0;False;;;0;False;;
c00664;;0;я Раскрашивание ч/б фото;Раскрашивание ч/б фото;;;0;False;;;0;False;;
c00665;;0;я Оформление в макет;Оформление в макет;;;0;False;;;0;False;;
c00666;;0;я Монтаж;Монтаж;;;0;False;;;0;False;;
c00667;;0;я Цветокоррекция;Цветокоррекция;;;0;False;;;0;False;;
c00668;;0;я Ненормируемые работы, час;Ненормируемые работы, час;;;0;False;;;0;False;;
c00669;;0;я Разработка макета;Разработка макета;;;0;False;;;0;False;;
c00670;;0;Обрисовка логотипа;Обрисовка логотипа;;;0;False;;;0;False;;
c00671;;0;я Разработка логотипа;Разработка логотипа;;;0;False;;;0;False;;
c00672;;0;я Дизайн;Дизайн;;;0;False;;;0;False;;
c00673;;0;я Ретушь 1-й категории;Ретушь 1-й категории;;;0;False;;;0;False;;
c00674;;0;я Ретушь 2-й категории;Ретушь 2-й категории;;;0;False;;;0;False;;
c00675;;0;я Ретушь 3-й категории;Ретушь 3-й категории;;;0;False;;;0;False;;
c00676;;0;я Цветокоррекция общая;Цветокоррекция общая;;;0;False;;;0;False;;
c00677;;0;я Цветокоррекция детальная;Цветокоррекция детальная;;;0;False;;;0;False;;
c00678;;0;я Раскрашивание ч/б портрета;Раскрашивание ч/б портрета;;;0;False;;;0;False;;
c00679;;0;я Полноцвет на ткань, А3;Полноцвет на ткань, А3;;;0;False;;;0;False;;
c00680;;0;я Полноцвет на ткань, А4;Полноцвет на ткань, А4;;;0;False;;;0;False;;
c00681;;0;я Полноцвет на ткань, А5;Полноцвет на ткань, А5;;;0;False;;;0;False;;
c00682;;0;я Нанесение на темную ткань А3;Нанесение на темную ткань А3;;;0;False;;;0;False;;
c00683;;0;я Нанесение на темную ткань А4;Нанесение на темную ткань А4;;;0;False;;;0;False;;
c00684;;0;я Нанесение на темную ткань А5;Нанесение на темную ткань А5;;;0;False;;;0;False;;
c00685;;0;я Футболка Corona;Футболка Corona;;;0;False;;;0;False;;
c00686;;0;я Футболка женская;Футболка женская;;;0;False;;;0;False;;
c00687;;0;я Бейсболка;Бейсболка;;;0;False;;;0;False;;
c00688;;0;я Кружка п/цв, 1 стор;Кружка п/цв, 1 стор;;;0;False;;;0;False;;
c00689;;0;я Кружка п/цв, 2 стор;Кружка п/цв, 2 стор;;;0;False;;;0;False;;
c00690;;0;я Кружка цв, 1 стор;Кружка цв, 1 стор;;;0;False;;;0;False;;
c00691;;0;я Кружка цв, 2 стор;Кружка цв, 2 стор;;;0;False;;;0;False;;
c00692;;0;я Паззл 15*20;Паззл 15*20;;;0;False;;;0;False;;
c00693;;0;я Паззл 20*30;Паззл 20*30;;;0;False;;;0;False;;
c00694;;0;я Магнит;Магнит;;;0;False;;;0;False;;
c00707;;0;я Подушка new;Подушка new;;;0;False;;;0;False;;
c00708;;0;я Подушка;Подушка;;;0;False;;;0;False;;
c00709;;0;я Овал цветной;Овал цветной;;;0;False;;;0;False;;
c00710;;0;я Овал ч/б;Овал ч/б;;;0;False;;;0;False;;
c00711;;0;я Фотоальбом А4 книжный;Фотоальбом А4 книжный;;;0;False;;;0;False;;
c00712;;0;я Фотоальбом А4 альбомный;Фотоальбом А4 альбомный;;;0;False;;;0;False;;
c00713;;0;я Фотоальбом А5;Фотоальбом А5;;;0;False;;;0;False;;
c00714;;0;я Фотоальбом А4 альбомный с окном;Фотоальбом А4 альбомный с окном;;;0;False;;;0;False;;
c00715;;0;я Фотоальбом А4 с окном кожа;Фотоальбом А4 с окном кожа;;;0;False;;;0;False;;
c00716;;0;я Книга для записи;Книга для записи;;;0;False;;;0;False;;
c00717;;0;Твердый переплет А4;Твердый переплет А4;;;0;False;;;0;False;;
c00718;;0;Твердый переплет А5;Твердый переплет А5;;;0;False;;;0;False;;
c00719;;0;Тиснение;Тиснение;;;0;False;;;0;False;;
c00720;;0;Плитка 10*15;Плитка 10*15;;;0;False;;;0;False;;
c00721;;0;Плитка 15*20;Плитка 15*20;;;0;False;;;0;False;;
c00722;;0;Плитка 20*30;Плитка 20*30;;;0;False;;;0;False;;
c00723;;0;я Фотоигрушка "Мишка";Фотоигрушка "Мишка";;;0;False;;;0;False;;
c00724;;0;я Фотоигрушка "Собака";Фотоигрушка "Собака";;;0;False;;;0;False;;
c00725;;0;Цифровая 10х15 акция KODAK бесплатная печать 10 штук;;;10-15асtion;1;False;Ц10х15 акция;;0;True;Z;
c00547;;0;я Сувенирная Портрет металло-эмаль вензель ч/б;;;PamWBOR;1;False;Памятник МЭорн;;0;False;Z;
c00548;;0;я Сувенирная Портрет металло-эмаль вензель цветной;;;PamCOOR;1;False;Памятник МЭ2венз;;0;False;Z;
c00549;;0;я Сувенирная Портрет керамика цветной;;;PamKCOL;1;False;Памятник керам;;0;False;Z;
c00550;;0;я Сувенирная Портрет керамика ч/б;;;PamKWB;1;False;Памятник керам ч/б;;0;False;Z;
c00395;;0;Альбом А5: подготовка файлов;Альбом А5: подготовка файлов;;ALB5S1;2;False;Альбом А5: подг;;0;True;Z;
c00460;;0;я Сувенирная Кружка с ручкой 1 стороняя;Кружка с ручкой 1 стороняя;;KRU_1;1;False;Кружка с ручкой 1 ст;;0;False;ZR;
c00468;;0;Сувенирная Календарь "квартальный с часами" (на год);;;CALENDС;1;False;Календарь с часами;;0;False;Z;
c00469;;0;Кристалл "Подсолнух на постаменте большой";Кристалл "Подсолнух на постаменте большой";;GL SunF+;1;False;Кристалл "Подсолнух;;0;False;Z;
c00470;;0;Кристалл "Призма" 10х15 см;Кристалл "Призма" 10х15 см;;GL Priz;1;False;Кристалл "Призма" 10;;0;False;Z;
c00471;;1;Кристалл "Сердце";Кристалл "Сердце";;GL Hrt;1;False;Кристалл "Сердце";;0;False;Z;
c00472;;0;Кристалл "Сердце на постаменте";Кристалл "Сердце на постаменте";;GL Hrt+;1;False;Кристалл "Сердце на;;0;False;Z;
c00473;;1;МФЛ 10х15  (Титова);МФЛ 10х15;;MFL1015;1;False;МФЛ 10х15;;0;False;ZH;
c00474;;1;МФЛ  13х18 (Титова);МФЛ 13х18;;MFL1318;1;False;МФЛ 13х18;;0;False;ZH;
c00544;;0;Цифровая 20х42;;;20-42;1;False;Ц20х42;;0;True;ZH;
c00475;;1;МФЛ 15х20  (Титова);МФЛ 15х20;;MFL1520;1;False;МФЛ 15х20;;0;False;ZH;
c00476;;1;xМоментальная печать 10*15;Моментальная печать 10*15;;MOMENT1;2;False;Моментальная печать;;0;False;Z;
c00477;;0;Акриловый Брелок "сердце";Акриловый Брелок "сердце";;AKRLBrH;1;False;Акриловый Брелок "се;;0;False;Z;
c00478;;0;Акриловый Магнит 60х60;Акриловый Магнит 60х60;;AKRYLg;1;False;Акриловый Магнит 60х;;0;False;Z;
c00479;;0;Фотокнига (металл, шелк) 20*20;Фотокнига (металл, шелк) 20*20;;BOOKN20;1;False;Фотокнига (мета20*20;;0;False;Z;
c00480;;0;Фотокнига (металл, шелк) 21*30;Фотокнига (металл, шелк) 21*30;;BOOKN21;1;False;Фотокнига (метал1*30;;0;False;Z;
c00481;;0;Фотокнига (металл, шелк) 25*25;Фотокнига(металл, шелк) 25*25;;BOOKN25;1;False;Фотокнига (мета25*25;;0;False;Z;
c00482;;0;Фотокнига (металл, шелк) 30*30;Фотокнига (металл, шелк) 30*30;;BOOKN30;1;False;Фотокнига(мета 30*30;;0;False;Z;
c00483;;0;Фотокнига (металл, шелк) 30*40;Фотокнига (металл, шелк) 30*40;;BOOKN30;1;False;Фотокнига (мета30*40;;0;False;Z;
c00484;;0;Открытка 13х18 (Kodak);Открытка 13х18 (Kodak);;KodakCa;2;False;Открытка 13х18 (Koda;;0;False;Z;
c00485;;0;Интернет 13х18;;;in13-18;1;False;И13х18;;0;False;;
c00486;;0;Фотоигрушка (мишка);Фотоигрушка (мишка);;TOY1;1;False;Фотоигрушка (мишка);;0;False;Z;
c00487;;0;Фотоигрушка (собака);Фотоигрушка (собака);;TOY2;1;False;Фотоигрушка (собака);;0;False;Z;
c00488;;0;Акриловый Брелок "круг";Акриловый Брелок "круг";;AKRLBrC;1;False;Акриловый Брелок "кр;;0;False;Z;
c00489;;0;Акриловый Брелок "квадрат";Акриловый Брелок "квадрат";;AKRLBrK;1;False;Акриловый Брелок "кв;;0;False;Z;
c00490;;0;ЦОП Печать А3 4+0 90г/м;Печать А3 4+0 90г/м;;print1;2;False;Печать А3 4+0 90г/м;;0;False;;
c00491;;0;ЦОП Печать А3 4+1 90г/м;Печать А3 4+1 90г/м;;print2;2;False;Печать А3 4+1 90г/м;;0;False;;
c00492;;0;ЦОП Печать А3 4+4 90г/м;Печать А3 4+4 90г/м;;print3;2;False;Печать А3 4+4 90г/м;;0;False;;
c00493;;0;ЦОП Печать А3 1+0 90г/м;Печать А3 1+0 90г/м;;print4;2;False;Печать А3 1+0 90г/м;;0;False;;
c00494;;0;ЦОП Печать А3 1+1 90г/м;Печать А3 1+1 90г/м;;print5;2;False;Печать А3 1+190г/м;;0;False;;
c00495;;0;ЦОП Бумага Xerox Colotech А3 120г/м;Бумага Xerox Colotech А3 120г/м;;paper12;2;False;Бумага Xerox Colotec;;0;False;;
c00496;;0;ЦОП Бумага Xerox Colotech А3 160г/м;Бумага Xerox Colotech А3 160г/м;;paper13;2;False;Бумага Xerox Colotec;;0;False;;
c00497;;0;ЦОП Бумага Xerox Colotech А3 200г/м;Бумага Xerox Colotech А3 200г/м;;paper14;2;False;Бумага Xerox Colotec;;0;False;;
c00498;;0;ЦОП Бумага Xerox Colotech А3 250г/м;Бумага Xerox Colotech А3 250г/м;;paper15;2;False;Бумага Xerox Colotec;;0;False;;
c00499;;0;ЦОП Бумага Xerox Colotech А3 280г/м;Бумага Xerox Colotech А3 280г/м;;paper16;2;False;Бумага Xerox Colotec;;0;False;;
c00500;;0;ЦОП Бумага Xerox Colotech Gloss А3 140г/м;Бумага Xerox Colotech Gloss А3 140г/м;;paper17;2;False;Бумага Xerox Colotec;;0;False;;
c00501;;0;ЦОП Бумага Xerox Colotech Gloss А3 280г/м;Бумага Xerox Colotech Gloss А3 280г/м;;paper18;2;False;Бумага Xerox Colotec;;0;False;;
c00502;;0;ЦОП Самоклеящаяся бумага;Самоклеящаяся бумага;;paper19;2;False;Самоклеящаяся бумага;;0;False;;
c00503;;0;ЦОП Текстурная бумага;Текстурная бумага;;paper20;2;False;Текстурная бумага;;0;False;;
c00504;;0;ЦОП Калька;Калька;;paper21;2;False;Калька;;0;False;;
c00505;;0;ЦОП Визитки 4+0 280г/м;Визитки 4+0 280г/м;;vis40;2;False;Визитки 4+0 280г/м;;0;False;;
c00506;;0;ЦОП Визитки 4+1 280г/м;Визитки 4+1 280г/м;;vis41;2;False;Визитки 4+1 280г/м;;0;False;;
c00507;;0;ЦОП Визитки 4+4 280г/м;Визитки 4+4 280г/м;;vis44;2;False;Визитки 4+4 280г/м;;0;False;;
c00508;;0;ЦОП Визитки 1+0 280г/м;Визитки 1+0 280г/м;;vis10;2;False;Визитки 1+0 280г/м;;0;False;;
c00509;;0;ЦОП Визитки 1+1 280г/м;Визитки 1+1 280г/м;;vis11;2;False;Визитки 1+1 280г/м;;0;False;;
c00510;;0;ЦОП Для визиток бумага Xerox Colotech А3 280г/м;Для визиток бумага Xerox Colotech А3 280г/м;;vispap;2;False;Для визиток бумага X;;0;False;;
c00511;;0;ЦОП Для визиток Бумага Лен;Для визиток Бумага Лен;;vispap1;2;False;Для визиток Бумага Л;;0;False;;
c00512;;0;ЦОП Ламинирование визиток 32мкн;Ламинирование визиток 32мкн;;visl32;2;False;Ламинирование визито;;0;False;;
c00513;;0;ЦОП Ламинирование визиток 75мкн;Ламинирование визиток 75мкн;;visl75;2;False;Ламинирование визито;;0;False;;
c00514;;0;ЦОП Изготовление бейджей;Изготовление бейджей;;beidg;2;False;Изготовление бейджей;;0;False;;
c00515;;0;ЦОП Открытка 20х95 4+0 дл.ст.;Открытка 20х95 4+0 дл.ст.;;happy40;2;False;Открытка 20х95 4+0 д;;0;False;;
c00516;;0;ЦОП Открытка 20х95 4+1 дл.ст.;Открытка 20х95 4+1 дл.ст.;;happy41;2;False;Открытка 20х95 4+1 д;;0;False;;
c00517;;0;ЦОП Открытка 20х95 4+4 дл.ст.;Открытка 20х95 4+4 дл.ст.;;happy44;2;False;Открытка 20х95 4+4 д;;0;False;;
c00518;;0;ЦОП Открытка 95х20 4+0;Открытка 95х20 4+0;;hap40;2;False;Открытка 95х20 4+0;;0;False;;
c00519;;0;ЦОП Открытка 95х20 4+1;Открытка 95х20 4+1;;hap41;2;False;Открытка 95х20 4+1;;0;False;;
c00520;;0;ЦОП Открытка 95х20 4+4;Открытка 95х20 4+4;;hap44;2;False;Открытка 95х20 4+4;;0;False;;
c00521;;0;ЦОП Брошюровка 6,9 мм;Брошюровка 6,9 мм;;69;2;False;Брошюровка 6,9 мм;;0;False;;
c00522;;0;ЦОП Брошюровка 9,5 мм;Брошюровка 69,5 мм;;95;2;False;Брошюровка 9,5 мм;;0;False;;
c00523;;0;ЦОП Ламинирование 32мкн А3;Ламинирование 32мкн А3;;lam32;2;False;Ламинирование 32мкн;;0;False;;
c00524;;0;ЦОП Ламинирование 75мкн А3;Ламинирование 75мкн А3;;lam75;2;False;Ламинирование 75мкн;;0;False;;
c00525;;0;ЦОП Ламинирование 125мкн А3;Ламинирование 125мкн А3;;lam125;2;False;Ламинирование 125мкн;;0;False;;
c00526;;0;ЦОП Ламинирование 86*54 125мкн;Ламинирование 86*54 125мкн;;lam8654;2;False;Ламинирование 86*54;;0;False;;
c00527;;0;ЦОП Ламинирование 65*95 175мкн;Ламинирование 65*95 175мкн;;lam6595;2;False;Ламинирование 65*95;;0;False;;
c00528;;0;ЦОП Ламинирование 85*120 125 мкн;Ламинирование 85*120 125 мкн;;lam8512;2;False;Ламинирование 85*120;;0;False;;
c00529;;0;ЦОП Ламинирование 100*146 125мкн;Ламинирование 100*146 125мкн;;lam100;2;False;Ламинирование 100*14;;0;False;;
c00530;;0;ЦОП Календарь карманный 4+4;Календарь карманный 4+4;;dat44;2;False;Календарь карманный;;0;False;;
c00531;;0;ЦОП Календарь карманный 4+1;Календарь карманный 4+1;;dat41;2;False;Календарь карманный;;0;False;;
c00532;;0;ЦОП Календарь карманный 1+1;Календарь карманный 1+1;;dat11;2;False;Календарь карманный;;0;False;;
c00533;;0;ЦОП Календарь "домик" горизонтальный;Календарь "домик" горизонтальный;;dathom1;2;False;Календарь "домик" го;;0;False;;
c00534;;0;ЦОП Календарь "домик" вертикальный;Календарь "домик" вертикальный;;dathom2;2;False;Календарь "домик" ве;;0;False;;
c00535;;0;ЦОП Биговка;Биговка;;big;2;False;Биговка;;0;False;;
c00536;;0;ЦОП Резка;Резка;;rez;2;False;Резка;;0;False;;
c00537;;0;ЦОП Впечатывание переменных данных;Впечатывание переменных данных;;dat;2;False;Впечатывание перемен;;0;False;;
c00538;;0;ЦОП Дизайнерские работы;Дизайнерские работы;;diz;2;False;Дизайнерские работы;;0;False;;
c00539;;0;Сувенирная Кружка "сердечко" 1-сторонняя;Сувенирная Кружка "сердечко" 1-сторонняя;;KRHRT1;1;False;Сувенирная Кружка "с;;0;False;ZR;
c00540;;0;Сувенирная Кружка "сердечко" 2-сторонняя;Сувенирная Кружка "сердечко" 2-сторонняя;;KRHRT2;1;False;Сувенирная Кружка "с;;0;False;ZR;
c00541;;0;ЦИФ.Проявка Чистый CD-R;CD_R для услуги цифровая проявка;;CDR_CF;2;False;CD-R CF;;0;True;Z;
c00542;;0;Цифровая на DURST Lambda (шелк);Цифровая на DURST Lambda (шелк);;LUES;1;False;LUES;00003;0;False;Z;
c00543;;0;Перенос на холст;Перенос на Холст;;HOLST;1;False;HOLST;00003;0;False;Z;
c00461;;0;я Сувенирная Кружка с ручкой 2 стороняя;Кружка с ручкой 2 стороняя;;KRU_2;1;False;Кружка с ручкой 2 ст;;0;False;ZR;
c00462;;0;Подарочная карта;Подарочная карта;;GIFT;2;False;Подарочная карта;;0;False;Z;
c00463;;0;Печать на фототерминале 10х15;Печать на фототерминале 10х15;;TERM101;1;False;Печать на фототермин;;0;False;Z;|Моментальная печать 10x15|
c00464;;0;Печать на фототерминале 15х20;Печать на фототерминале 15х20;;TERM152;1;False;Печать на фототермин;;0;False;Z;|Моментальная печать 15x20|
c00465;;0;АПЕКС Цифровая 10х15;;;AP10-15;1;False;АПЦ10х15;;0;False;ZH;
c00466;;0;АПЕКС Цифровая 15х20;;;AP15-20;1;False;АП Ц15х20;;0;False;ZH;
c00467;;0;АПЕКС Цифровая 20х30;;;AP20-30;1;False;АП Ц20х30;;0;False;ZH;
c00398;;0;Альбом А4: печать фото;Альбом А4: печать фото;;ALB4S2;1;False;Альбом А4: печать;;0;True;Z;
c00399;;0;Альбом А5: печать фото;Альбом А5: печать фото;;ALB5S2;1;False;Альбом А5: печать;;0;False;Z;
c00400;;0;Альбом А4: сборка;Альбом А4: сборка;;ALB4S3;1;False;Альбом А4: сбор;00001;0;False;Z;
c00401;;0;Альбом А5: сборка;Альбом А5: сборка;;ALB5S3;1;False;Альбом А5: сбор;00001;0;False;Z;
c00408;;0;Художественное фото запись на диск (10 файлов);;;ZAP10;2;False;ХФЗД10;;0;False;Z;
c00140;;0;Аналог 14х20;;;A14-20;1;False;а 14х20;00002;0;False;ZKH;
c00409;;0;Художественное фото запись на диск (все);;;ZAPAL;2;False;ХФЗДВСЕ;;0;False;Z;
c00410;;0;ХФ Акция Детские истории;;;Kidstor;2;False;Kidstor;;0;True;Z;
c00411;;0;ХФ Акция Волшебный портрет;;;MAGik;2;False;MAGik;;0;True;Z;
c00412;;0;Фотокнига 20*20;Фотокнига 20*20;;BOOK20*;1;False;Фотокнига 20*20;;0;False;Z;
c00413;;0;Фотокнига 25*25;Фотокнига 25*25;;BOOK25*;1;False;Фотокнига 25*25;;0;False;Z;
c00414;;0;Фотокнига 21*30;Фотокнига 21*30;;BOOK21*;1;False;Фотокнига 1*30;;0;False;Z;
c00415;;0;Фотокнига 30*30;Фотокнига 30*30;;BOOK30*;1;False;Фотокнига 30*30;;0;False;Z;
c00416;;0;Фотокнига 30*40;Фотокнига 30*40;;BOOK30*;1;False;Фотокнига 30*40;;0;False;Z;
c00417;;0;ФОТОКНИГА: дизайн;ФОТОКНИГА: дизайн;;BOOK20*;2;False;ФОТОКНИГА: диза;;0;False;Z;
c00418;;0;ФОТОКНИГА: Обложка кож.зам;ФОТОКНИГА: Обложка кож.зам;;BOOKAL;1;False;ФОТОКНИГА: Обло;;0;False;Z;
c00419;;0;ФОТОКНИГА: Обложка кожа;ФОТОКНИГА: Обложка кожа;;BOOKLE;1;False;ФОТОКНИГА: Обло;;0;False;Z;
c00420;;0;ФОТОКНИГА: пластиф.Фото;ФОТОКНИГА: пластиф.Фото;;BOOKPF;1;False;ФОТОКНИГА: плас;;0;False;Z;
c00421;;0;ЦИФ.Проявка:проявка  12 кадров;ЦИФ.Проявка:проявка  12 кадров;;DP12;2;False;ЦИФ.Проявка:про;;0;True;ZN;
c00422;;0;ЦИФ.Проявка:проявка  24 кадров;ЦИФ.Проявка:проявка  24 кадров;;DP24;2;False;ЦИФ.Проявка:про;;0;True;ZN;
c00423;;0;ЦИФ.Проявка:проявка  36 кадров;ЦИФ.Проявка:проявка  36 кадров;;DP36;2;False;ЦИФ.Проявка:про;;0;True;ZN;
c00424;;0;ЦИФ.Проявка: сканирование10*15;ЦИФ.Проявка: сканирование10*15;;DPskan1;3;False;ЦИФ.Проявка: ск;;0;False;ZN;
c00425;;0;ЦИФ.Проявка: сканирование20*30;ЦИФ.Проявка: сканирование20*30;;DPskan2;3;False;ЦИФ.Проявка: ск;;0;False;ZN;
c00426;;0;ЦИФ.Проявка:индекс принт;ЦИФ.Проявка:индекс принт;;DP_IP;1;False;ЦИФ.Проявка:инд;;0;True;ZN;
c00427;;0;ЦИФ.Проявка:запись на диск;ЦИФ.Проявка:запись на диск;;Dpdisk;2;False;ЦИФ.Проявка:зап;;0;True;ZN;
c00428;;0;Докфото:цв/срочно/глянец;Докфото:цв/срочно/глянец;;DFCFG;2;False;Докфото:цв/сроч;;0;False;Z;
c00429;;0;Докфото:цв/глянец;Докфото:цв/глянец;;DFCFG;2;False;Докфото:цв/глян;;0;False;Z;
c00430;;0;Докфото:цв/срочно/матовая;Докфото:цв/срочно/матовая;;DFCFG;2;False;Докфото:цв/сроч;;0;False;Z;
c00431;;0;Докфото:цв/матовая;Докфото:цв/матовая;;DFCFG;2;False;Докфото:цв/мато;;0;False;Z;
c00432;;0;Докфото:чб/срочно/глянец;Докфото:чб/срочно/глянец;;DFCFG;2;False;Докфото:чб/сроч;;0;False;Z;
c00433;;0;Докфото:чб/глянец;Докфото:чб/глянец;;DFCFG;2;False;Докфото:чб/глян;;0;False;Z;
c00434;;0;Докфото:чб/срочно/матовая;Докфото:чб/срочно/матовая;;DFCFG;2;False;Докфото:бч/сроч;;0;False;Z;
c00435;;0;Докфото:чб/матовая;Докфото:чб/матовая;;DFCFG;2;False;Докфото:чб/мато;;0;False;Z;
c00436;;0;Докфото:ретушь;Докфото:ретушь;;DFCL;2;False;Докфото:ретушь;;0;False;Z;
c00437;;0;Докфото:монтаж;Докфото:монтаж;;DFOD;2;False;Докфото:монтаж;;0;False;Z;
c00458;;1;zЛаминация 21х30(125);Ламинация 21х30(125);;L12521;2;False;Ламинация 21х30;;0;True;Z;
c00100;;0;Цифровая 10х15;;;10-15;1;True;Ц10х15;;0;False;ZH;|Фотопечать 10x15|
c00101;;0;Цифровая 13х18;;;13-18;1;False;Ц13х18;;0;False;ZH;|Фотопечать 13x18|
c00102;;0;Цифровая 15х20;;;15-20;1;False;Ц15х20;;0;False;ZH;|Фотопечать 15x20|
c00103;;0;Цифровая 20х30;;;20-30;1;False;Ц20х30;;0;False;ZH;|Фотопечать 20x30|
c00104;;0;Аналог 10х15;;;A10-15;1;False;а 10х15;00002;0;False;ZKH;
c00105;;0;Аналог 20х30;;;A20-30;1;False;а 20х30;00002;0;False;ZKH;
c00106;;0;Цифровая 30х40;;;30-40;1;False;Ц30х40;;0;False;ZH;|Фотопечать 30x40|
c00113;;0;Запись на CD;;;ZCD;2;False;Зап на CD;;0;False;Z;|Прочее Запись CD|
c00117;;0;Цифровая 9,5х13;;;95-13;1;False;Ц9,5х13;;0;False;ZH;
c00118;;0;Цифровая 18х25;;;18-25;1;False;Ц18х25;;0;False;ZH;
c00119;;0;Цифровая 25х34;;;25-34;1;False;Ц25х34;;0;False;ZH;
c00120;;0;Цифровая 25х38;;;25-38;1;False;Ц25х38;;0;False;ZH;
c00121;;0;Цифровая 9х13;;;9-13;1;False;Ц9х13;;0;False;ZH;|Фотопечать 09x13|
c00122;;0;Цифровая 10х14;;;10-14;1;False;Ц10х14;;0;False;ZH;
c00123;;0;Цифровая 13х17;;;13-17;1;False;Ц13х17;;0;False;ZH;
c00124;;0;Цифровая 14х20;;;14-20;1;False;Ц14х20;;0;False;ZH;
c00125;;0;Цифровая 20х27;;;20-27;1;False;Ц20х27;;0;False;;
c00126;;0;Цифровая 21х30;;;21-30;1;False;Ц21х30;;0;False;ZH;|Фотопечать 21x30|
c00127;;0;Цифровая 30х42;;;30-42;1;False;Ц30х42;;0;False;ZH;
c00128;;0;Цифровая 30х45;;;30-45;1;False;Ц30х45;;0;False;ZH;|Фотопечать 30x45|
c00129;;0;Цифровая 10х30;;;10-30;1;False;Ц10х30;;0;False;ZH;|Фотопечать 10x30|
c00130;;0;Цифровая 15х45;;;15-45;1;False;Ц15х45;;0;False;ZH;
c00131;;0;Цифровая 30х61;;;30-61;1;False;Ц30х61;;0;False;ZH;
c00132;;0;Цифровая 30х76;;;30-76;1;False;Ц30х76;;0;False;ZH;
c00133;;0;Цифровая 30х91;;;30-91;1;False;Ц30х91;;0;False;ZH;
c00134;;0;Кадрирование простое;;;CADR_P;1;False;КП;;0;False;ZH;
c00135;;0;Кадрирование с наклоном;;;CADR_N;1;False;КН;;0;False;ZH;
c00136;;0;Устранение эффекта красных глаз оператором;;;RED;1;False;КрГлОператор;00001;0;False;Z;|Прочее Красные глаза|
c00137;;0;Аналог 9х13;;;A9-13;1;False;а 9х13;00002;0;False;ZKH;
c00138;;0;Аналог 13х18;;;A13-18;1;False;а 13х18;00002;0;False;ZKH;
c00139;;0;Аналог 15х20;;;A15-20;1;False;а 15х20;00002;0;False;ZKH;
c00141;;0;Аналог 18х25;;;A18-25;1;False;а 18х25;00002;0;False;ZKH;
c00143;;0;Аналог 25х38;;;A25-38;1;False;а 25х38;00002;0;False;ZKH;
c00144;;0;Аналог 30х42;;;A30-42;1;False;а 30х42;00002;0;False;ZKH;
c00145;;0;Аналог 30х45;;;A30-45;1;False;а 30х45;00002;0;False;ZKH;
c00146;;0;Аналог 10х30;;;A10-30;1;False;а 10х30;00002;0;False;ZKH;
c00147;;0;Аналог 15х45;;;A15-45;1;False;а 15х45;00002;0;False;ZKH;
c00148;;0;Аналог 30х61;;;A30-61;1;False;а 30х61;00002;0;False;ZKH;
c00149;;0;Аналог 30х76;;;A30-76;1;False;а 30х76;00002;0;False;ZKH;
c00150;;0;Аналог 30х91;;;A30-91;1;False;а 30х91;00002;0;False;ZKH;
c00151;;0;Индекс-принт 10х15;;;ip10-15;1;False;ИП 10х15;;0;False;ZKH;|Индекс-принт 10x15|
c00152;;0;Индекс-принт 15х20;;;ip15-20;1;False;ИП 15х20;;0;False;ZKH;
c00153;;0;Индекс-принт 20х30;;;ip20-30;1;False;ИП 20х30;;0;False;ZKH;|Индекс-принт 20x30|Матовая|
c00154;;0;Печать с белой рамкой;;;PRINTWB;1;False;ПБР;;0;True;Z;
c00157;;0;Оцифровка до 20х30;;;S20x30;2;False;ОЦ20х30;;0;False;Z;
c00158;;0;Оцифровка до 30х40;;;S30x40;2;False;ОЦ30x40;;0;False;Z;
c00159;;0;Оцифровка на ЦМФЛ 600*800 пикс. (для Internet);Оцифровка на ЦМФЛ 600*800 пикс. (для Internet);;SCAN_1;1;False;СК1;;0;False;Z;
c00160;;0;Оцифровка на ЦМФЛ 1000*1500 пикс. (до формата 15х20);Оцифровка на ЦМФЛ 1000*1500 пикс. (до формата 15х20);;SCAN_2;1;False;СК2;;0;False;Z;
c00161;;0;Оцифровка на ЦМФЛ 2000*3000 пикс. (до формата 20х30);Оцифровка на ЦМФЛ 2000*3000 пикс. (до формата 20х30);;SCAN_3;1;False;СК3;;0;False;Z;
c00162;;0;Оцифровка на ЦМФЛ 3300*5000 пикс. (большие форматы);Оцифровка на ЦМФЛ 3300*5000 пикс. (большие форматы);;SCAN_4;1;False;СК4;;0;False;Z;
c00163;;0;Оцифровка слайда 35мм;;;SS35;2;False;СКСЛ;;0;False;Z;
c00164;;0;Оцифровка пленки 12 кадров;;;SP12;1;False;СК ПЛ 12;00002;0;False;Z;
c00165;;0;Оцифровка пленки 24 кадров;;;SP24;1;False;СК ПЛ 24;00002;0;False;Z;
c00166;;0;Оцифровка пленки 36 кадров;;;SP36;1;False;СК ПЛ 36;00002;0;False;Z;
c00167;;0;Оцифровка слайда 6*9 - 12*12,5;;;SS;2;False;СК СЛ;;0;False;Z;
c00169;;0;Ретушь 1 категории;;;R1;2;False;Ретушь 1к;00001;0;False;Z;
c00170;;0;Ретушь 2 категории;;;R2;2;False;Ретушь 2к;00001;0;False;Z;
c00171;;0;Ретушь 3 категории;;;R3;2;False;Ретушь 3к;00001;0;False;Z;
c00172;;0;Ретушь 4 категории;;;R4;2;False;Ретушь 4к;00001;0;False;Z;
c00173;;1;Z удалено Дорисовка деталей изображения;;;DDI;2;False;Дорисовка;00001;0;False;Z;
c00174;;0;Раскрашивание портрета;;;MCOLOR;2;False;Расскрашивание;;0;False;Z;
c00175;;0;Фотомонтаж, совмещение 2-х объектов;;;MONTAGE;2;False;Фотомонтаж;;0;False;Z;
c00176;;0;Замена фона 1-й категории;;;ZF1;2;False;ЗамФона1;00001;0;False;Z;
c00177;;0;Замена фона 2-й категории;;;ZF2;2;False;ЗамФона2;00001;0;False;Z;
c00178;;0;Замена фона 3-й категории;;;ZF3;2;False;ЗамФона3;00001;0;False;Z;
c00180;;0;Разработка оформления, дизайн за 1 фото;;;DISIGN;2;False;Дизайн;;0;False;Z;
c00181;;0;Оформление в шаблон;;;OFSH;2;False;Шаблон;;0;False;Z;
c00183;;0;Добавление текста;;;DT;2;False;Текст;00001;0;False;Z;|Прочее Надпись на снимке|
c00184;;0;Кадрирование дизайнером;;;CADR;2;False;КАДР;;0;False;Z;
c00185;;0;Тиражирование на листе;;;TL;2;False;Тираж;;0;False;Z;
c00186;;0;Цветокоррекция простая;;;COLORP;2;False;ЦКП;;0;False;Z;
c00187;;0;Цветокоррекция детальная;;;COLORD;2;False;ЦКД;;0;False;Z;
c00189;;0;Индивидуальная работа с дизайнером;;;DISAINI;2;False;ИРД;;0;False;Z;
c00190;;0;Извлечение файла из архива;;;FILE;2;False;Архив;;0;False;Z;
c00191;;0;Цифровая проявка 10*15;;;PR10-15;1;False;ЦифрПр10*15;;0;False;;
c00192;;0;Цифровая проявка 20*30;;;PR20-30;1;False;ЦифрПр20*30;;0;False;;
c00194;;0;Восстановление карты памяти до 1 Гб включительно;;;VK1-;2;False;Восст 1-;;0;False;Z;
c00196;;0;Восстановление карты памяти более 1 Гб;;;VK1+;2;False;Восст 1Gb+;;0;False;Z;
c00197;;0;Видео: оцифровка в MPEG2 (DVD);;;TOMPEG2;2;False;Mpeg-2(DVD);;0;False;Z;
c00198;;0;Видео: оцифровка в MPEG4 (DivX);;;TOMPEG4;2;False;Mpeg-4(DivX);;0;False;Z;
c00199;;0;Видео: Монтаж художественный 1-й категории;;;HVIDEO1;2;False;ХВМ1;;0;False;Z;
c00200;;0;Видео: запись на кассету;;;ZVK;2;False;Зап на ВК;;0;False;Z;
c00201;;0;Видео: захват видеокадра (аналог);;;ZhK;2;False;ЗВА;;0;False;Z;
c00202;;0;Видео: захват видеокадра (цифра);;;ZhC;2;False;ЗВЦ;;0;False;Z;
c00203;;0;Видео: DVD-меню простое;;;DVDMP;2;False;DVDМП;;0;False;Z;
c00205;;0;Видео: DVD-меню анимированное;;;DVDMA;2;False;DVDМА;;0;False;Z;
c00206;;0;Видео: слайд-шоу;;;SLIDE;2;False;СЛШ;;0;False;Z;
c00207;;0;Видео: слайд-шоу (добавление еще 1 фотографии);;;SLIDEAF;2;False;СЛШД;;0;False;Z;
c00208;;0;Видео: конвертация форматов;;;CONVERT;2;False;КОНВ;;0;False;Z;
c00209;;0;Обложка CD стандарт;;;COVCD;2;False;Об.CD;;0;False;Z;
c00210;;0;Обложка CD Slim стандарт;;;COV_CDS;2;False;Об.CD-Slim;;0;False;Z;
c00211;;0;Обложка VK стандарт;;;COVVK;2;False;Об.VK;;0;False;Z;
c00212;;0;Обложка DVD стандарт;;;COVDVD;2;False;Об.DVD;;0;False;Z;
c00213;;0;Видео: Копирование DVD;;;copyDVD;2;False;КопияDVD;;0;False;Z;
c00214;;0;Световая панель односторонняя 400*600;;;SP46;1;False;СП400*600;;0;False;Z;
c00215;;0;Световая панель односторонняя 500*700;;;SP57;1;False;СП500*700;;0;False;Z;
c00216;;0;Световая панель односторонняя 600*900;;;SP69;1;False;СП600*900;;0;False;Z;
c00217;;0;Световая панель односторонняя 1000*700;;;SP107;1;False;СП1000*700;;0;False;Z;
c00218;;0;Световая панель односторонняя 1200*800;;;SP128;1;False;СП1200*800;;0;False;Z;
c00219;;0;Световая панель односторонняя 1200*1700;;;SP1217;1;False;СП1200*1700;;0;False;Z;
c00220;;0;Световая панель двусторонняя 600*900;;;SP69;1;False;СПД600*900;;0;False;Z;
c00221;;0;Световая панель двусторонняя 500*700;;;SP57;1;False;СПД500*700;;0;False;Z;
c00222;;0;Световая панель двусторонняя 400*600;;;SP46;1;False;СПД400*600;;0;False;Z;
c00223;;0;Световая панель двусторонняя 1200*800;;;SP128;1;False;СПД1200*800;;0;False;Z;
c00224;;0;Световая панель двусторонняя 1200*1700;;;SP1217;1;False;СПД1200*1700;;0;False;Z;
c00225;;0;Световая панель двусторонняя 1000*700;;;SP107;1;False;СПД1000*700;;0;False;Z;
c00226;;0;Сканирование высокого разрешения 24*35 мм;;;SCANH1;1;False;СХ1;;0;False;Z;
c00227;;0;Сканирование высокого разрешения 24*65 мм;;;SCANH2;1;False;СХ2;;0;False;Z;
c00228;;0;Сканирование высокого разрешения 60*45 мм;;;SCANH3;1;False;СХ3;;0;False;Z;
c00229;;0;Сканирование высокого разрешения 60*60 мм;;;SCANH4;1;False;СХ4;;0;False;Z;
c00230;;0;Сканирование высокого разрешения 60*70 мм;;;SCANH5;1;False;СХ5;;0;False;Z;
c00231;;0;Сканирование высокого разрешения 60*80 мм;;;SCANH6;1;False;СХ6;;0;False;Z;
c00232;;0;Сканирование высокого разрешения 90*120 мм;;;SCANH7;1;False;СХ7;;0;False;Z;
c00233;;0;Сканирование высокого разрешения А4;;;SCANHA4;1;False;СХ8;;0;False;Z;
c00255;;0;Варио 7*10;;;V7-10;2;False;В710;;0;False;Z;
c00256;;0;Варио 10*15;;;V10-15;2;False;В10-15;;0;False;Z;
c00257;;0;Варио 15*20;;;V15-20;2;False;В15-20;;0;False;Z;
c00258;;0;Варио 20*30;;;V20-30;2;False;В20-30;;0;False;Z;
c00259;;0;Стерео 10*15;;;S10-15;2;False;С10-15;;0;False;Z;
c00260;;0;Стерео 15*20;;;S15-20;2;False;С15-20;;0;False;Z;
c00261;;0;Стерео 20*30;;;S20-30;2;False;С20-30;;0;False;Z;
c00262;;0;Цифровая 15х20 металлик;Металлик Цифровая 15х20;;15-20M;1;False;Ц15х20М;;0;False;ZH;|Фотопечать 15x20|Металлик|
c00263;;0;Цифровая 20х30 металлик;Металлик Цифровая 20х30;;20-30M;1;False;Ц20х30М;;0;False;ZH;|Фотопечать 20x30|Металлик|
c00264;;0;Цифровая 21х30 металлик;Металлик Цифровая 21х30;;21-30M;1;False;Ц21х30М;;0;False;ZH;|Фотопечать 21x30|Металлик|
c00265;;0;Цифровая 30х40 металлик;Металлик Цифровая 30х40;;30-40M;1;False;Ц30х40М;;0;False;ZH;|Фотопечать 30x40|Металлик|
c00266;;0;Цифровая 30х42 металлик;Металлик Цифровая 30х42;;30-42M;1;False;Ц30х42М;;0;False;ZH;
c00267;;0;Цифровая 30х45 металлик;Металлик Цифровая 30х45;;30-45M;1;False;Ц30х45М;;0;False;ZH;|Фотопечать 30x45|Металлик|
c00268;;0;Цифровая 10х30 металлик;Металлик Цифровая 10х30;;10-30M;1;False;Ц10х30М;;0;False;ZH;
c00269;;0;Цифровая 30х61 металлик;Металлик Цифровая 30х61;;30-61M;1;False;Ц30х61М;;0;False;ZH;
c00270;;0;Цифровая 30х76 металлик;Металлик Цифровая 30х76;;30-76M;1;False;Ц30х76М;;0;False;ZH;
c00271;;0;Цифровая 30х91 металлик;Металлик Цифровая 30х91;;30-91M;1;False;Ц30х91М;;0;False;ZH;
c00274;;0;Художественное фото 10*15;;;H10-15;2;False;ХФ1015;;0;False;Z;
c00275;;0;Художественное фото 15*20;;;H15-20;2;False;ХФ1520;;0;False;Z;
c00276;;0;Художественное фото 20*30;;;H20-30;2;False;ХФ2030;;0;False;Z;
c00277;;0;Художественное фото запись на диск (1 файл);;;HD;2;False;ХФДИСК;;0;False;Z;
c00278;;0;Цифровая на DURST Lambda (матовая/глянцевая);;;LUE;1;False;LUE;00003;0;False;Z;|Печать на лямбде Произвольный|
c00279;;0;Цифровая на DURST Lambda Metallic;;;LM;1;False;LM;00003;0;False;Z;|Печать на лямбде Произвольный|Металлик|
c00280;;0;Цифровая на DURST Lambda Transpasency;;;LT;1;False;LT;00003;0;False;Z;
c00281;;0;Цифровая на DURST Lambda Clear;;;LEC;1;False;LEC;00003;0;False;Z;
c00282;;0;Чистый DVD-RW;;;DVDRW;2;False;DVD-RW;;0;False;Z;
c00283;;0;Чистый DVD-R;;;DVDR;2;False;DVD-R;;0;False;Z;
c00284;;0;Чистый CD-R;;;CDR;2;False;CD-R;;0;False;Z;
c00285;;0;Чистый CD-RW;;;CDRW;2;False;CD-RW;;0;False;Z;
c00286;;0;Сувенирная Печать 30*40 см;;;S30x40;1;False;SPrint;;0;False;Z;
c00287;;0;Сувенирная Кружка белая;;;SKR1;1;False;SKR1;;0;False;ZR;|Кружка white9x7|
c00288;;0;z Сувенирная Кружка 2-сторонняя;;;SKR2;1;False;SKR2;;0;False;ZR;|Кружка white18x7|
c00291;;0;Сувенирная Магнит с изображением;;;SM1;1;False;SM1;;0;False;Z;
c00292;;0;Сувенирная Бейсболка цветная с нанесением изображения;Сувенирная Бейсболка цветная с нанесением изображения;;SBC;1;False;SBC;;0;False;Z;
c00293;;0;Сувенирная Бейсболка с нанесением изображения;;;SB;1;False;SB;;0;False;Z;
c00294;;0;Сувенирная Футболка белая х/б;;;SF;1;False;SF;;0;False;Z;||
c00295;;0;Сувенирная Футболка белая х/б женская;;;SFW;1;False;SFW;;0;False;Z;||
c00296;;0;Сувенирная Футболка черная х/б;;;SFB;1;False;SFB;;0;False;Z;||
c00297;;0;Сувенирная Нанесение A5 на ткань;;;SA5;1;False;SA5;;0;False;Z;
c00298;;0;Сувенирная Нанесение A4 на ткань;;;SA4;1;False;SA4;;0;False;Z;
c00299;;0;Сувенирная Нанесение A3 на ткань;;;SA3;1;False;SA3;;0;False;Z;
c00300;;0;Сувенирная Нанесение A3 на цветную ткань;;;SA3C;1;False;SA3C;;0;False;Z;
c00301;;0;Сувенирная Нанесение A4 на цветную ткань;;;SA4C;1;False;SA4C;;0;False;Z;
c00302;;0;Сувенирная Нанесение A5 на цветную ткань;;;SA5C;1;False;SA5C;;0;False;Z;
c00304;;0;Сувенирная Puzzle 15*20 см;;;Puzzl15;1;False;Puzzle 15*20;00001;0;False;Z;|Паззл Паззл A5|
c00305;;0;Сувенирная Puzzle 20*30 см;;;Puzzl20;1;False;Puzzle 20*30;00001;0;False;Z;|Паззл Паззл A4|
c00306;;1;Z удалено Сувенирная Этикетка;;;ETICET;1;False;Этикетка;;0;False;Z;
c00307;;0;Сувенирная Портрет на памятник ч/б;;;MONUMWB;1;False;Памятник;;0;False;Z;
c00308;;0;Сувенирная Календарь "квартальный" (на год);;;CALEND;1;False;Календарь;;0;False;Z;|Печать Календарей Квартальный Календарь|
c00310;;0;Аналог 10х15 все хорошие;;;A10-15H;1;False;а 10х15 вх;;0;False;ZKH;
c00311;;0;Аналог 10х15 все подряд;;;A10-15P;1;False;а 10х15 все;;0;False;ZKH;
c00313;;0;Проявка фотопленки негатив 12 кадров;;;П12Н;2;False;Пр12Н;;0;True;Z;
c00314;;0;Проявка фотопленки негатив 24 кадра;;;П24Н;2;False;Пр24Н;;0;True;Z;
c00315;;0;Проявка фотопленки негатив 36 кадров;;;П36Н;2;False;Пр36Н;;0;True;Z;
c00316;;0;Проявка фотопленки обращаемой 12 кадров;;;П12П;2;False;Пр12П;;0;False;Z;
c00317;;0;Проявка фотопленки обращаемой 24 кадра;;;П24П;2;False;Пр24П;;0;False;Z;
c00318;;0;Проявка фотопленки обращаемой 36 кадров;;;П36П;2;False;Пр36П;;0;False;Z;
c00320;;0;Сувенирная печать на самоклейке 30*40 см;;;S30x40G;1;False;Самоклейка;;0;False;Z;
c00321;;0;Сувенирная Портрет на памятник цветной;;;MONUCOL;1;False;Памятник;;0;False;Z;
c00322;;0;Художественное фото 10*15 печать;;;10-15X;1;False;ХФ1015П;;0;True;Z;
c00323;;0;Художественное фото 15*20 печать;;;15-20X;1;False;ХФ1520Печать;;0;True;Z;
c00324;;0;Художественное фото 20*30 печать;;;20-30X;1;False;ХФ2030Печать;;0;True;Z;
c00325;;0;Аналог 9х13 все подряд;;;A9-13P;1;False;а 9х13 все;;0;False;ZKH;
c00326;;0;Аналог 9х13 все хорошие;;;A9-13H;1;False;а 9х13 вх;;0;False;ZKH;
c00327;;0;Аналог 15х20 все подряд;;;A15-20P;1;False;а 15х20 все;;0;False;ZKH;
c00328;;0;Аналог 15х20 все хорошие;;;A15-20H;1;False;а 15х20 вх;;0;False;ZKH;
c00329;;0;Цифровая 10х15 по купону на 500 р.;;;10-15K;1;False;Ц10х15 - 500;;0;False;;
c00330;;0;Печать на принтере;;;PRINTER;2;False;PRINTER;;0;False;Z;
c00331;;0;Интернет 10х15;;;in10-15;1;False;И10х15;;0;False;;
c00332;;0;Интернет 15х20;;;in15-20;1;False;И15х20;;0;False;;
c00333;;0;Интернет 20х30;;;in20-30;1;False;И20х30;;0;False;;
c00334;;0;прием по Bluetooth;;;BT;2;False;Bluetooth;;0;False;Z;
c00339;;0;Обложка CD заказная;;;COVCDin;2;False;Об. CD зак.;;0;False;Z;
c00340;;0;Обложка CD Slim заказная;;;COVCDSi;2;False;Об.CD Slim зак.;;0;False;Z;
c00341;;0;Обложка DVD заказная;;;COVDVDi;2;False;Об.DVD зак.;;0;False;Z;
c00342;;0;Обложка VK заказная;;;COVVKin;2;False;Об.VK заказ;;0;False;Z;
c00343;;0;Обложка CD печать;;;COVCDP;1;False;Об.CD печ.;;0;True;Z;
c00344;;0;Обложка CD Slim печать;;;COVCDSP;1;False;Об.CD-Slim печ.;;0;True;Z;
c00345;;0;Обложка DVD печать;;;COVDVDP;1;False;Об.DVD печ.;;0;True;Z;
c00346;;0;Обложка VK печать;;;COVVKP;1;False;Об.VK печ.;;0;True;Z;
c00347;;0;Художественное фото 10*15 след. экз;;;H10-15+;2;False;ХФ1015+;;0;False;Z;
c00348;;0;Художественное фото 15*20 след. экз;;;H15-20+;2;False;ХФ1520+;;0;False;Z;
c00349;;0;Художественное фото 20*30 след. экз;;;H20-30+;2;False;ХФ2030+;;0;False;Z;
c00351;;0;Цифровая 15х21;;;15-21;1;False;Ц15х21;;0;False;ZH;|Фотопечать 15x21|
c00352;;0;Цифровая 15х22;;;15-22;1;False;Ц15х22;;0;False;ZH;|Фотопечать 15x23|
c00357;;0;Художественное фото 30*40;Художественное фото 30*40/45;;H3040;2;False;ХФ3040_1;;0;False;Z;
c00358;;0;Художественное фото 30*40 печать;Художественное фото 30*40 печать;;30-40X;1;False;ХФ3040Печать;;0;True;Z;
c00362;;0;Услуги операторов МФЛ;;;;0;False;;;0;False;;
c00363;;0;Услуги дизайнеров;;;;0;False;;;0;False;;
c00364;;0;Услуги фотографов;;;;0;False;;;0;False;;
c00365;;0;Услуги Лямбды;;;;0;False;;;0;False;;
c00366;;0;Услуги ЦОП - сувениры;;;;0;False;;;0;False;;
c00368;;0;z Сувенирная Кружка цвет. 2-сторонняя;;;SKR2Cl;1;False;SKR2Color;;0;False;ZR;|Кружка color18x7|
c00369;;0;Сувенирная Кружка цветная;;;SKR1Cl;1;False;SKR1Color;;0;False;ZR;|Кружка color9x7|
c00370;;0;Кристалл "Прямоугольник" 10х15 см;Кристалл "Прямоугольник" 10х15 см;;crystal;1;False;crystal;;0;False;Z;
c00371;;0;Кристалл "Айсберг" 11х11 см;Кристалл "Айсберг" 11х11 см;;crystal;1;False;crystal;;0;False;Z;
c00372;;0;Кристалл "Яблоко" 7х8 см;;;crystal;1;False;crystal;;0;False;Z;
c00373;;0;Кристалл "Подсолнух на постаменте" 7,5 см;Кристалл "Подсолнух на постаменте" 7,5 см;;crystal;1;False;crystal;;0;False;Z;
c00374;;0;Кристалл "Брелок" в ассортименте;Кристалл "Брелок" в ассортименте;;crystal;1;False;crystal;;0;False;Z;
c00375;;0;Цифровая 20х25;;;20-25;1;False;Ц20х25;;0;False;ZH;
c00380;;0;Видео: Монтаж художественный 2-й категории;;;HVIDEO2;2;False;ХВМ2;;0;False;Z;
c00381;;0;Видео: Монтаж художественный 3-й категории;;;HVIDEO3;2;False;ХВМ3;;0;False;Z;
c00382;;0;Сувенирная Портрет на памятник цветной СРОЧНО;;;MONCOLF;1;False;Памятник СРОЧНО;;0;False;Z;
c00383;;0;Сувенирная Портрет на памятник ч/б СРОЧНО;;;MONWBF;1;False;Пам чб СРОЧНО;;0;False;Z;
c00384;;0;Художественное фото e-mail;;;E-MAIL;2;False;ХФ1015 e-mail;;0;False;Z;
c00385;;0;Художественное фото e-mail после печати;;;E-MAIL+;2;False;ХФ1015 e-mail+;;0;False;Z;
c00386;;0;Этикетка "Пиво";;;PIVO;2;False;Шаблон Пиво;;0;False;Z;
c00387;;0;Этикетка "Водка";;;VODKA;2;False;Шаблон Водка;;0;False;Z;
c00388;;0;Этикетка "Шампанское";;;SHAMP;2;False;Шаблон Шамп;;0;False;Z;
c00389;;0;Сувенирная Подушка;;;PILL;1;False;Подушка;;0;False;Z;
c00390;;0;Цифровая 20х40;;;20-40;1;False;Ц20х40;;0;False;ZH;
c00391;;0;Кристалл "Брусок";Кристалл "Брусок";;GL Brus;1;False;Кристалл "Брусо;;0;False;Z;
c00392;;0;Альбом А4: подготовка файлов;Альбом А4: подготовка файлов;;ALB4S1;2;False;Альбом А4: подг;;0;True;Z;
c00545;;0;я Сувенирная Портрет металло-эмаль ч/б;;;PamWB;1;False;Памятник МЭ;;0;False;Z;
c00546;;0;я Сувенирная Портрет металло-эмаль цветной;;;PamCOL;1;False;Памятник МЭ2;;0;False;Z;
c00551;;0;Неопознанная услуга;Неопознанная услуга фотокиоска;;;0;False;NN;;0;False;Z;
c00552;;0;Indigo;;;;0;False;;;0;False;;
c00553;;0;Indigo Фотокнига 28х20 см, 50 стр., код 524;Indigo Фотокнига 28х20 см, 50 стр., код 524;;;1;False;Indigo Фотокнига;;0;False;;
c00554;;0;Indigo Фотокнига 20х28 см, 50 стр.,  код 523;Indigo Фотокнига 20х28 см, 50 стр.,  код 523;;;1;False;Indigo Фотокнига;;0;False;;
c00555;;0;Indigo Фотокнига 26х26 см, 50 стр., код 525;Indigo Фотокнига 26х26 см, 50 стр., код 525;;;1;False;Indigo Фотокнига;;0;False;;
c00797;;0;Цифровая ШФП 40х50;Цифровая ШФП 40х50;;40-50SH;1;False;ШФП40х50;;0;False;ZH;|Фотопечать 40x50|
c00798;;0;Цифровая ШФП 40х60;Цифровая ШФП 40х60;;40-60SH;1;False;ШФП40х60;;0;False;ZH;|Фотопечать 40x60|
c00799;;0;Цифровая ШФП 50х60;Цифровая ШФП 50х60;;50-60SH;1;False;ШФП50х60;;0;False;ZH;|Фотопечать 50x60|
c00800;;0;Цифровая ШФП 60х80;Цифровая ШФП 60х80;;60-80SH;1;False;ШФП60х80;;0;False;ZH;|Фотопечать 60x80|
c00801;;0;Цифровая ШФП 80х120;Цифровая ШФП 80х120;;80-120SH;1;False;ШФП80х120;;0;False;ZH;|Фотопечать 80x120|
c00802;;0;Цифровая ШФП 120х180;Цифровая ШФП 120х180;;120-180SH;1;False;ШФП120х180;;0;False;ZH;|Фотопечать 120x180|
c00803;;0;Интернет открытка 15х22;;;15-22io;1;False;ИО 15х22;;0;False;;|Открытки 15x23|
c00804;;0;Сувенирная Значок бол. ЛЕГКО;Сувенирная Значок большой ЛЕГКО d56;;PLQb;1;False;PLQb;;0;False;Z;
c00805;;0;Сувенирная Значок мал. ЛЕГКО;Сувенирная Значок маленький ЛЕГКО d38;;PLQs;1;False;PLQs;;0;False;Z;
c00806;;0;Интернет Значок бол. ЛЕГКО;Интернет Значок большой ЛЕГКО d56;;InPLQb;1;False;InPLQb;;0;False;Z;
c00973;;0;Перенос на холст 20х30_печать;Перенос на холст 20х30_печать;;20-30H;1;False;Холст20х30;;0;False;Z;
c00974;;0;Перенос на холст 20х30_печать МЕТ;Перенос на холст 20х30_печать МЕТ;;20-30MН;1;False;Холст20х30М;;0;False;Z;
c00975;;0;Перенос на холст 30х40_печать;Перенос на холст 30х40_печать;;30-40H;1;False;Холст30х40;;0;False;Z;
c00977;;0;Перенос на холст 30х40_печать МЕТ;Перенос на холст 30х40_печать МЕТ;;30-40MH;1;False;Холст30х40М;;0;False;Z;
c01000;;0;Интернет Футболка черная х/б женская 2-стор;Интернет Футболка черная х/б женская 2-стор;;SFWI2;1;False;;;0;False;;|Футболка wb2|
c01001;;0;Фотоигрушка (заяц розовый);Фотоигрушка (заяц розовый);;TOY4;1;False;Фотоигрушка зайрозов;;0;False;Z;
c01002;;0;Фотоигрушка (заяц голубой);Фотоигрушка (заяц голубой);;TOY5;1;False;Фотоигрушка зайголуб;;0;False;Z;
c01003;;0;ШФП Календарь 37x42 (Н-ск);ШФП Календарь 37x42 (Н-ск);;C37x42;1;False;Cal37x42;;0;False;Z;
c01004;;0;Сувенирная Календарь "квартальный" (Н-ск);Сувенирная Календарь "квартальный" (Н-ск);;CALENDNsk;1;False;Календарь Nsk;;0;False;Z;
c01005;;0;Сувенирная Календарь карманный (Н-ск, 1 шт);Сувенирная Календарь карманный (Н-ск, 1 шт);;CALPOC1;1;False;Календарь карм 1 шт;;0;False;Z;
c01006;;0;Моя Фотокнига (на пружине);Моя Фотокнига (на пружине);;MyBook;1;False;Моя Фотокнига (на пр;;0;False;Z;|Фотокнига на пружине|
c01007;;0;Интернет Календарь А4 (20х30);Интернет Календарь А4 (20х30);;inCal20-30;1;False;Интернет КалендарьА4;;0;False;;|Печать Календарей Настенный Календарь A4|
c01008;;0;Интернет Календарь А5 (15х20);Интернет Календарь А5 (15х20);;inCal15-20;1;False;Интернет КалендарьА5;;0;False;;|Печать Календарей Настенный Календарь A5|
c01009;;0;Сувенирная Календарь карманный  гориз (8 штук);Сувенирная Календарь карманный гориз (8 штук);;CALPOC8g;1;False;Календарь карм в8 шт;;0;False;Z;|Каленадрь карманный горизонтальный|
c01010;;0;М-фото;;;;0;False;;;0;False;;